,PLAYER_ID,PLAYER_NAME,TEAM_ID,TEAM_ABBREVIATION,AGE,GP,W,L,W_PCT,MIN,FGM,FGA,FG_PCT,FG3M,FG3A,FG3_PCT,FTM,FTA,FT_PCT,OREB,DREB,REB,AST,TOV,STL,BLK,PTS
0,243,Aaron McKie,1610612755,PHI,32.0,68,35,33,0.515,16.6,0.9,2.1,0.43,0.3,0.9,0.323,0.1,0.2,0.625,0.3,2.2,2.5,1.5,0.5,0.7,0.3,2.2
1,1425,Aaron Williams,1610612761,TOR,33.0,42,13,29,0.31,7.4,0.7,1.5,0.46,0.0,0.0,0.0,0.4,0.4,0.882,0.4,1.0,1.4,0.2,0.4,0.1,0.2,1.7
2,1502,Adonal Foyle,1610612744,GSW,30.0,78,31,47,0.397,21.8,2.0,4.0,0.502,0.0,0.0,0.0,0.5,0.9,0.556,2.1,3.4,5.5,0.7,0.7,0.3,2.0,4.5
3,1559,Adrian Griffin,1610612741,CHI,30.0,69,38,31,0.551,9.5,0.8,2.3,0.36,0.0,0.1,0.222,0.5,0.6,0.75,0.8,1.4,2.1,0.8,0.4,0.6,0.1,2.2
4,1733,Al Harrington,1610612737,ATL,25.0,66,10,56,0.152,38.6,6.9,14.9,0.459,0.2,1.1,0.216,3.6,5.3,0.672,2.2,4.8,7.0,3.2,3.1,1.3,0.2,17.5
5,2744,Al Jefferson,1610612738,BOS,20.0,71,39,32,0.549,14.7,2.7,5.2,0.528,0.0,0.0,0.0,1.2,1.9,0.63,1.7,2.7,4.4,0.3,0.9,0.3,0.8,6.7
6,673,Alan Henderson,1610612742,DAL,32.0,78,55,23,0.705,15.3,1.5,2.8,0.527,0.0,0.0,0.0,0.5,1.0,0.539,2.1,2.4,4.5,0.3,0.6,0.4,0.5,3.5
7,1893,Aleksandar Radojevic,1610612762,UTA,28.0,12,1,11,0.083,10.7,0.5,1.6,0.316,0.0,0.0,0.0,0.6,0.8,0.7,0.8,1.6,2.3,0.5,1.3,0.0,0.2,1.6
8,2682,Alex Garcia,1610612740,NOH,25.0,8,0,8,0.0,18.2,2.3,6.5,0.346,0.6,2.3,0.278,0.4,0.5,0.75,0.9,1.0,1.9,2.3,1.0,0.5,0.1,5.5
9,275,Allan Houston,1610612752,NYK,34.0,20,8,12,0.4,26.7,4.3,10.3,0.415,1.6,4.0,0.388,1.8,2.2,0.837,0.2,1.0,1.2,2.1,1.1,0.4,0.1,11.9
10,947,Allen Iverson,1610612755,PHI,30.0,75,41,34,0.547,42.3,10.3,24.2,0.424,1.4,4.5,0.308,8.7,10.5,0.835,0.7,3.3,4.0,7.9,4.6,2.4,0.1,30.7
11,297,Alonzo Mourning,1610612748,MIA,35.0,37,17,20,0.459,19.0,2.7,5.7,0.472,0.0,0.0,0.0,2.2,3.8,0.582,1.4,3.9,5.4,0.5,1.5,0.2,2.0,7.6
12,2405,Amar'e Stoudemire,1610612756,PHX,22.0,80,60,20,0.75,36.1,9.3,16.7,0.559,0.0,0.2,0.188,7.3,9.9,0.733,2.7,6.2,8.9,1.6,2.4,1.0,1.6,26.0
13,2760,Anderson Varejao,1610612739,CLE,22.0,54,27,27,0.5,16.1,1.8,3.6,0.513,0.0,0.0,0.0,1.3,2.4,0.535,2.0,2.7,4.8,0.5,0.5,0.8,0.7,4.9
14,2857,Andre Barrett,1610612753,ORL,23.0,38,17,21,0.447,12.6,1.2,3.3,0.363,0.4,1.4,0.269,0.4,0.5,0.737,0.3,0.8,1.1,1.8,0.7,0.5,0.0,3.1
15,2765,Andre Emmett,1610612763,MEM,22.0,8,5,3,0.625,3.2,0.3,0.8,0.333,0.0,0.0,0.0,0.4,0.6,0.6,0.0,0.3,0.3,0.0,0.1,0.0,0.0,0.9
16,2738,Andre Iguodala,1610612755,PHI,21.0,82,43,39,0.524,32.7,3.3,6.7,0.493,0.6,1.7,0.331,1.9,2.6,0.743,1.1,4.6,5.7,3.0,1.7,1.7,0.6,9.0
17,1889,Andre Miller,1610612743,DEN,29.0,82,49,33,0.598,34.7,5.2,10.9,0.477,0.1,0.5,0.154,3.1,3.7,0.838,1.2,2.9,4.1,6.9,2.7,1.5,0.1,13.6
18,1905,Andrei Kirilenko,1610612762,UTA,24.0,41,15,26,0.366,33.0,5.0,10.2,0.493,0.6,1.9,0.299,5.0,6.3,0.784,2.2,4.0,6.2,3.2,2.2,1.6,3.3,15.6
19,2804,Andres Nocioni,1610612741,CHI,25.0,81,47,34,0.58,23.4,3.0,7.4,0.401,0.3,1.2,0.258,2.1,2.7,0.766,0.9,3.9,4.8,1.5,1.7,0.5,0.4,8.4
20,692,Andrew DeClercq,1610612753,ORL,32.0,8,4,4,0.5,6.3,0.5,1.1,0.444,0.0,0.0,0.0,0.1,0.4,0.333,0.9,0.4,1.3,0.0,0.1,0.3,0.0,1.1
21,2740,Andris Biedrins,1610612744,GSW,19.0,30,17,13,0.567,12.7,1.5,2.6,0.577,0.0,0.0,0.0,0.6,1.3,0.475,1.6,2.4,3.9,0.4,0.4,0.4,0.8,3.6
22,358,Anfernee Hardaway,1610612752,NYK,33.0,37,17,20,0.459,24.2,3.0,7.0,0.423,0.4,1.4,0.3,0.9,1.2,0.739,0.5,1.9,2.4,2.0,1.4,0.8,0.1,7.3
23,1738,Ansu Sesay,1610612744,GSW,28.0,16,5,11,0.313,8.0,1.1,2.6,0.405,0.1,0.5,0.25,0.8,1.5,0.542,1.1,1.3,2.4,0.8,0.5,0.1,0.2,3.1
24,1712,Antawn Jamison,1610612764,WAS,29.0,68,38,30,0.559,38.4,7.6,17.5,0.437,1.0,3.1,0.341,3.3,4.4,0.76,2.4,5.3,7.6,2.3,1.7,0.8,0.2,19.6
25,1853,Anthony Carter,1610612750,MIN,30.0,66,36,30,0.545,10.8,1.1,2.7,0.407,0.0,0.3,0.118,0.5,0.8,0.686,0.2,0.9,1.0,2.4,0.9,0.5,0.3,2.7
26,924,Anthony Goldwire,1610612749,MIL,33.0,33,10,23,0.303,16.1,1.7,4.1,0.419,1.0,2.4,0.4,0.8,0.9,0.839,0.3,1.5,1.8,2.4,0.5,0.5,0.0,5.2
27,1533,Anthony Johnson,1610612754,IND,30.0,63,34,29,0.54,27.9,3.2,7.2,0.445,0.7,1.7,0.38,1.3,1.8,0.752,0.5,2.3,2.8,4.8,1.5,0.9,0.2,8.4
28,292,Anthony Miller,1610612737,ATL,33.0,2,0,2,0.0,4.9,1.0,1.5,0.667,0.0,0.0,0.0,0.0,0.0,0.0,0.0,0.5,0.5,0.5,0.5,0.5,0.0,2.0
29,324,Anthony Peeler,1610612764,WAS,35.0,40,19,21,0.475,13.2,1.4,3.8,0.373,0.6,1.6,0.385,0.4,0.5,0.889,0.4,1.3,1.6,1.4,0.7,0.5,0.1,3.8
30,952,Antoine Walker,1610612738,BOS,28.0,77,26,51,0.338,38.5,7.5,17.9,0.422,1.4,4.4,0.323,2.6,4.8,0.539,2.4,6.7,9.0,3.4,3.3,1.2,0.8,19.1
31,2766,Antonio Burks,1610612763,MEM,25.0,24,10,14,0.417,9.1,1.2,2.5,0.467,0.1,0.5,0.273,0.6,0.8,0.737,0.0,0.5,0.5,1.2,0.5,0.5,0.0,3.0
32,1498,Antonio Daniels,1610612760,SEA,30.0,75,50,25,0.667,27.0,3.6,8.3,0.438,0.7,2.2,0.297,3.3,4.1,0.816,0.3,2.0,2.3,4.1,1.0,0.7,0.0,11.2
33,213,Antonio Davis,1610612741,CHI,36.0,72,41,31,0.569,25.6,2.7,5.8,0.461,0.0,0.0,0.0,1.6,2.1,0.757,2.1,3.8,5.9,1.1,1.3,0.4,0.6,7.0
34,686,Antonio McDyess,1610612765,DET,30.0,77,51,26,0.662,23.4,4.0,7.8,0.513,0.0,0.0,0.0,1.6,2.5,0.656,2.3,4.0,6.3,0.9,1.2,0.6,0.7,9.6
35,1506,Austin Croshere,1610612754,IND,30.0,73,40,33,0.548,25.0,2.6,6.8,0.378,0.6,2.4,0.259,3.1,3.5,0.883,1.4,3.7,5.1,1.3,1.4,0.7,0.2,8.9
36,2852,Awvee Storey,1610612751,NJN,28.0,9,2,7,0.222,3.0,0.3,1.1,0.3,0.1,0.2,0.5,0.1,0.2,0.5,0.4,0.1,0.6,0.1,0.0,0.0,0.0,0.9
37,1884,Baron Davis,1610612744,GSW,26.0,46,21,25,0.457,34.4,6.3,16.3,0.387,2.6,7.7,0.333,4.0,5.3,0.761,0.7,3.1,3.8,7.9,2.8,1.8,0.3,19.2
38,2732,Ben Gordon,1610612741,CHI,22.0,82,47,35,0.573,24.6,5.3,12.9,0.411,1.6,4.0,0.405,2.8,3.3,0.863,0.7,2.0,2.6,2.0,2.3,0.6,0.1,15.1
39,1052,Ben Handlogten,1610612762,UTA,31.0,21,6,15,0.286,14.0,2.0,4.0,0.518,0.0,0.0,0.0,0.4,0.8,0.529,1.1,2.0,3.1,0.6,0.9,0.3,0.2,4.5
40,1112,Ben Wallace,1610612765,DET,30.0,74,51,23,0.689,36.1,4.0,8.8,0.453,0.0,0.1,0.111,1.8,4.1,0.428,3.9,8.2,12.2,1.7,1.1,1.4,2.4,9.7
41,2757,Beno Udrih,1610612759,SAS,22.0,80,57,23,0.713,14.4,2.2,4.9,0.444,0.7,1.8,0.408,0.8,1.1,0.753,0.2,0.8,1.0,1.9,1.0,0.5,0.1,5.9
42,2774,Bernard Robinson,1610612766,CHA,24.0,31,6,25,0.194,10.6,1.2,2.6,0.444,0.1,0.3,0.375,0.6,0.8,0.692,0.5,1.1,1.5,1.0,0.6,0.4,0.1,3.0
43,2873,Billy Thomas,1610612751,NJN,29.0,25,15,10,0.6,14.0,1.4,3.8,0.362,0.7,2.2,0.304,0.3,0.4,0.778,0.3,1.2,1.4,0.7,0.4,0.6,0.0,3.7
44,448,Bo Outlaw,1610612756,PHX,34.0,39,29,10,0.744,5.5,0.3,0.9,0.353,0.0,0.0,0.0,0.1,0.2,0.556,0.4,0.9,1.4,0.3,0.2,0.2,0.3,0.7
45,682,Bob Sura,1610612745,HOU,32.0,61,42,19,0.689,31.6,3.5,8.3,0.427,0.9,2.5,0.355,2.3,3.1,0.75,1.3,4.2,5.5,5.2,2.4,1.1,0.1,10.3
46,1517,Bobby Jackson,1610612758,SAC,32.0,25,18,7,0.72,21.6,4.4,10.2,0.427,1.3,3.8,0.344,2.0,2.3,0.862,0.9,2.5,3.4,2.4,1.1,0.6,0.1,12.0
47,2250,Bobby Simmons,1610612746,LAC,25.0,75,35,40,0.467,37.5,6.3,13.6,0.466,0.7,1.5,0.435,3.1,3.6,0.846,1.7,4.2,5.9,2.7,1.8,1.4,0.2,16.4
48,1719,Bonzi Wells,1610612763,MEM,28.0,69,37,32,0.536,21.6,3.9,8.9,0.441,0.5,1.5,0.346,2.0,2.7,0.75,0.7,2.6,3.3,1.2,1.3,1.2,0.4,10.4
49,2564,Boris Diaw,1610612737,ATL,23.0,66,10,56,0.152,18.1,1.9,4.5,0.422,0.1,0.8,0.18,0.9,1.2,0.74,0.8,1.8,2.6,2.3,1.3,0.6,0.3,4.8
50,2411,Bostjan Nachbar,1610612740,NOH,24.0,71,21,50,0.296,18.9,2.3,5.8,0.392,1.1,2.8,0.383,1.4,1.6,0.829,0.3,2.2,2.6,1.0,1.0,0.4,0.2,7.0
51,1802,Brad Miller,1610612758,SAC,29.0,56,36,20,0.643,37.4,5.7,10.9,0.524,0.1,0.3,0.263,4.2,5.1,0.812,2.5,6.8,9.3,3.9,1.5,1.2,1.2,15.6
52,2688,Brandin Knight,1610612745,HOU,23.0,1,0,1,0.0,2.8,0.0,1.0,0.0,0.0,0.0,0.0,0.0,0.0,0.0,0.0,0.0,0.0,1.0,0.0,0.0,0.0,0.0
53,2599,Brandon Hunter,1610612753,ORL,24.0,31,10,21,0.323,7.0,1.2,2.4,0.507,0.0,0.0,0.0,0.7,1.3,0.538,0.8,1.4,2.2,0.1,0.7,0.1,0.2,3.1
54,2217,Brendan Haywood,1610612764,WAS,25.0,68,38,30,0.559,27.5,3.5,6.3,0.56,0.0,0.0,0.0,2.3,3.8,0.609,3.0,3.9,6.8,0.8,1.4,0.8,1.7,9.4
55,699,Brent Barry,1610612759,SAS,33.0,81,59,22,0.728,21.4,2.4,5.7,0.423,1.2,3.5,0.357,1.4,1.7,0.837,0.4,2.0,2.3,2.2,0.8,0.5,0.2,7.4
56,1510,Brevin Knight,1610612766,CHA,29.0,66,17,49,0.258,29.5,3.8,8.9,0.422,0.0,0.3,0.15,2.5,3.0,0.852,0.3,2.3,2.6,9.0,2.2,2.0,0.1,10.1
57,2073,Brian Cardinal,1610612763,MEM,28.0,58,32,26,0.552,24.7,2.8,7.4,0.37,0.8,2.2,0.352,2.7,3.1,0.873,1.1,2.8,3.9,2.0,1.4,1.5,0.3,9.0
58,2567,Brian Cook,1610612747,LAL,24.0,72,31,41,0.431,15.0,2.4,5.9,0.417,1.1,2.8,0.392,0.4,0.5,0.757,0.9,2.1,3.0,0.5,0.4,0.3,0.4,6.4
59,258,Brian Grant,1610612747,LAL,33.0,69,27,42,0.391,16.6,1.5,3.0,0.493,0.0,0.0,0.0,0.8,1.1,0.722,1.5,2.3,3.7,0.5,0.6,0.3,0.3,3.8
60,2243,Brian Scalabrine,1610612751,NJN,27.0,54,28,26,0.519,21.6,2.4,6.1,0.398,0.4,1.3,0.324,1.0,1.3,0.768,1.5,3.0,4.5,1.6,1.2,0.6,0.3,6.3
61,1730,Brian Skinner,1610612758,SAC,29.0,49,24,25,0.49,19.3,2.1,4.2,0.507,0.0,0.0,0.0,0.5,1.4,0.357,2.2,3.5,5.7,0.9,0.8,0.6,1.0,4.8
62,2639,Britton Johnsen,1610612754,IND,25.0,6,2,4,0.333,14.0,1.0,3.7,0.273,0.0,0.7,0.0,0.0,0.0,0.0,0.8,0.8,1.7,0.7,0.5,0.2,0.0,2.0
63,1477,Bruce Bowen,1610612759,SAS,34.0,82,59,23,0.72,32.0,3.1,7.3,0.42,1.2,3.1,0.403,0.9,1.4,0.634,0.6,2.9,3.5,1.5,0.7,0.7,0.5,8.2
64,1743,Bruno Sundov,1610612752,NYK,25.0,21,8,13,0.381,3.3,0.5,1.8,0.297,0.0,0.1,0.333,0.1,0.1,1.0,0.3,0.3,0.6,0.1,0.3,0.1,0.1,1.2
65,935,Bryon Russell,1610612743,DEN,34.0,70,39,31,0.557,14.7,1.4,3.6,0.377,0.8,2.1,0.376,0.9,1.1,0.792,0.7,1.7,2.5,1.0,0.5,0.6,0.2,4.4
66,384,Calbert Cheaney,1610612744,GSW,33.0,55,17,38,0.309,17.2,2.1,4.8,0.426,0.0,0.1,0.0,0.4,0.7,0.649,0.6,1.7,2.3,1.2,0.6,0.3,0.3,4.5
67,1916,Calvin Booth,1610612749,MIL,29.0,51,25,26,0.49,8.9,1.0,2.1,0.454,0.0,0.0,0.0,0.5,0.6,0.813,0.6,1.5,2.1,0.2,0.3,0.3,0.5,2.4
68,2306,Carlos Arroyo,1610612765,DET,25.0,70,35,35,0.5,20.6,2.4,6.1,0.389,0.1,0.4,0.267,1.7,2.1,0.799,0.4,1.1,1.5,4.0,1.5,0.6,0.1,6.6
69,2430,Carlos Boozer,1610612762,UTA,23.0,51,17,34,0.333,34.9,7.1,13.6,0.521,0.0,0.0,0.0,3.7,5.3,0.698,2.8,6.2,9.0,2.8,2.7,0.8,0.5,17.8
70,2568,Carlos Delfino,1610612765,DET,22.0,30,20,10,0.667,15.4,1.4,3.9,0.359,0.3,1.2,0.257,0.8,1.3,0.575,0.4,1.4,1.8,1.3,0.8,0.7,0.2,3.9
71,2546,Carmelo Anthony,1610612743,DEN,21.0,75,47,28,0.627,34.8,7.1,16.4,0.431,0.6,2.1,0.266,6.1,7.6,0.796,1.9,3.8,5.7,2.6,3.0,0.9,0.4,20.8
72,2406,Caron Butler,1610612747,LAL,25.0,77,32,45,0.416,35.6,5.7,12.9,0.445,0.5,1.6,0.304,3.6,4.1,0.862,1.9,3.9,5.8,1.9,1.6,1.4,0.3,15.5
73,2418,Casey Jacobsen,1610612740,NOH,24.0,84,43,41,0.512,21.5,2.0,4.9,0.404,0.8,2.1,0.373,1.8,2.3,0.786,0.4,1.6,2.0,1.3,0.8,0.4,0.1,6.5
74,369,Charlie Ward,1610612745,HOU,34.0,14,6,8,0.429,25.7,1.7,5.5,0.312,1.1,3.6,0.314,0.8,0.9,0.846,0.4,2.4,2.8,3.1,1.3,1.1,0.0,5.4
75,1497,Chauncey Billups,1610612765,DET,28.0,80,53,27,0.663,35.9,5.1,11.4,0.442,2.1,4.8,0.426,4.3,4.8,0.898,0.6,2.8,3.4,5.8,2.3,1.0,0.1,16.5
76,2365,Chris Andersen,1610612740,NOH,26.0,67,17,50,0.254,21.3,2.9,5.3,0.534,0.0,0.0,0.0,2.0,2.8,0.689,2.0,4.1,6.1,1.1,1.0,0.2,1.5,7.7
77,2547,Chris Bosh,1610612761,TOR,21.0,81,33,48,0.407,37.2,5.8,12.4,0.471,0.0,0.1,0.3,5.1,6.7,0.76,2.4,6.5,8.9,1.9,2.3,0.9,1.4,16.8
78,2768,Chris Duhon,1610612741,CHI,22.0,82,47,35,0.573,26.5,2.1,6.0,0.352,1.1,3.2,0.355,0.6,0.8,0.731,0.3,2.3,2.6,4.9,1.5,1.0,0.0,5.9
79,2549,Chris Kaman,1610612746,LAC,23.0,63,28,35,0.444,26.0,3.9,7.9,0.497,0.0,0.0,0.0,1.3,1.9,0.661,2.1,4.6,6.7,1.2,1.8,0.4,1.1,9.1
80,2036,Chris Mihm,1610612747,LAL,25.0,75,33,42,0.44,25.0,3.7,7.4,0.507,0.0,0.0,0.0,2.3,3.4,0.678,2.6,4.1,6.7,0.7,1.5,0.2,1.4,9.8
81,185,Chris Webber,1610612755,PHI,32.0,67,39,28,0.582,35.4,8.3,19.1,0.433,0.2,0.7,0.341,2.7,3.4,0.794,1.9,7.2,9.1,4.7,2.7,1.4,0.8,19.5
82,2404,Chris Wilcox,1610612746,LAC,22.0,54,23,31,0.426,18.6,3.1,6.1,0.514,0.0,0.0,0.0,1.6,2.7,0.611,1.2,3.1,4.2,0.7,1.4,0.5,0.4,7.9
83,363,Christian Laettner,1610612748,MIA,35.0,49,38,11,0.776,15.1,2.2,3.8,0.582,0.0,0.1,0.143,0.9,1.2,0.763,0.7,1.9,2.7,0.8,0.6,0.7,0.3,5.3
84,1088,Chucky Atkins,1610612747,LAL,30.0,82,34,48,0.415,35.5,4.7,11.1,0.426,2.1,5.5,0.387,2.0,2.5,0.803,0.4,2.0,2.4,4.4,1.8,0.9,0.0,13.6
85,221,Clar. Weatherspoon,1610612745,HOU,34.0,40,22,18,0.55,13.1,1.2,2.9,0.412,0.0,0.0,0.0,0.7,0.9,0.829,0.9,2.2,3.1,0.4,0.4,0.2,0.2,3.1
86,361,Clifford Robinson,1610612751,NJN,38.0,71,32,39,0.451,23.9,2.8,7.4,0.386,0.9,2.7,0.347,0.9,1.4,0.639,0.8,2.2,2.9,1.5,0.9,0.9,0.7,7.5
87,1894,Corey Maggette,1610612746,LAC,25.0,66,27,39,0.409,37.1,6.4,14.9,0.431,0.8,2.5,0.304,8.5,10.0,0.857,1.1,4.9,6.0,3.4,3.0,1.1,0.1,22.2
88,722,Corliss Williamson,1610612758,SAC,31.0,72,37,35,0.514,21.3,3.8,8.1,0.467,0.0,0.0,0.0,2.7,3.4,0.799,1.4,2.2,3.6,1.1,1.2,0.5,0.2,10.3
89,2451,Corsley Edwards,1610612740,NOH,26.0,10,0,10,0.0,11.0,1.0,3.1,0.323,0.0,0.0,0.0,0.7,1.2,0.583,1.2,1.3,2.5,0.3,0.2,0.3,0.4,2.7
90,724,Cory Alexander,1610612766,CHA,32.0,16,1,15,0.063,12.4,1.0,3.1,0.327,0.5,1.2,0.421,0.6,0.8,0.75,0.5,1.3,1.8,2.3,1.2,0.6,0.1,3.1
91,2414,Curtis Borchardt,1610612762,UTA,24.0,67,22,45,0.328,12.8,1.1,2.6,0.43,0.0,0.0,0.0,0.8,1.1,0.732,1.3,2.1,3.3,0.7,0.8,0.1,0.5,3.0
92,1749,Cuttino Mobley,1610612758,SAC,29.0,66,36,30,0.545,36.3,6.2,14.1,0.438,2.3,5.2,0.439,2.5,3.1,0.82,0.7,2.8,3.5,2.8,2.0,1.1,0.5,17.2
93,2788,DJ Mbenga,1610612742,DAL,24.0,15,9,6,0.6,3.8,0.4,0.9,0.429,0.0,0.0,0.0,0.2,0.3,0.75,0.2,0.3,0.5,0.0,0.3,0.0,0.3,1.0
94,2563,Dahntay Jones,1610612763,MEM,24.0,52,29,23,0.558,12.4,1.6,3.7,0.437,0.4,1.2,0.383,0.8,1.2,0.688,0.2,1.1,1.3,0.4,0.6,0.3,0.2,4.5
95,2402,Dajuan Wagner,1610612739,CLE,22.0,11,6,5,0.545,9.3,1.6,5.0,0.327,0.5,2.4,0.192,0.3,0.4,0.75,0.0,0.2,0.2,1.2,0.8,0.5,0.0,4.0
96,905,Dale Davis,1610612754,IND,36.0,61,24,37,0.393,21.4,1.8,3.8,0.479,0.0,0.0,0.0,1.0,1.6,0.606,2.5,3.7,6.1,0.8,0.7,0.5,1.1,4.7
97,2863,Damien Wilkins,1610612760,SEA,25.0,29,17,12,0.586,17.8,2.5,5.8,0.435,0.6,2.0,0.271,0.7,1.2,0.618,1.0,1.3,2.3,0.9,0.6,0.8,0.3,6.3
98,1800,Damon Jones,1610612748,MIA,28.0,82,59,23,0.72,31.4,4.0,8.9,0.456,2.7,6.4,0.432,0.8,1.0,0.791,0.2,2.6,2.8,4.3,1.2,0.5,0.1,11.6
99,757,Damon Stoudamire,1610612757,POR,31.0,81,26,55,0.321,34.2,5.6,14.4,0.392,2.2,6.0,0.369,2.2,2.5,0.915,0.7,3.1,3.8,5.7,2.0,1.1,0.0,15.8
100,2245,Damone Brown,1610612764,WAS,26.0,14,8,6,0.571,10.8,1.6,4.4,0.371,0.3,0.8,0.364,0.3,0.6,0.444,0.7,1.3,2.0,1.0,1.1,0.1,0.4,3.9
101,2424,Dan Dickau,1610612740,NOH,26.0,71,18,53,0.254,29.3,4.3,10.6,0.405,1.2,3.5,0.347,2.7,3.2,0.833,0.5,2.1,2.5,4.9,2.0,1.1,0.1,12.5
102,2429,Dan Gadzuric,1610612749,MIL,27.0,81,29,52,0.358,22.0,3.0,5.6,0.539,0.0,0.0,0.0,1.3,2.5,0.538,3.2,5.1,8.3,0.4,1.0,0.6,1.3,7.3
103,2091,Daniel Santiago,1610612749,MIL,29.0,11,5,6,0.455,9.5,0.6,1.9,0.333,0.0,0.0,0.0,0.7,1.0,0.727,0.5,1.2,1.7,0.1,0.4,0.3,0.4,2.0
104,1504,Danny Fortson,1610612760,SEA,29.0,62,42,20,0.677,16.9,1.9,3.6,0.522,0.0,0.0,0.0,3.7,4.2,0.88,2.5,3.1,5.6,0.1,1.5,0.2,0.1,7.5
105,2032,Darius Miles,1610612757,POR,23.0,63,25,38,0.397,26.9,5.3,11.1,0.482,0.1,0.4,0.348,2.0,3.4,0.6,1.1,3.6,4.7,2.0,2.5,1.2,1.2,12.8
106,2443,Darius Songaila,1610612758,SAC,27.0,81,50,31,0.617,20.5,3.2,6.0,0.527,0.0,0.0,0.0,1.2,1.4,0.847,1.5,2.7,4.2,1.4,0.9,0.6,0.2,7.5
107,2545,Darko Milicic,1610612765,DET,20.0,37,26,11,0.703,6.8,0.7,2.1,0.329,0.0,0.0,0.0,0.5,0.6,0.708,0.1,1.1,1.2,0.2,0.4,0.1,0.5,1.8
108,353,Darrell Armstrong,1610612742,DAL,37.0,66,37,29,0.561,15.0,1.3,4.2,0.321,0.4,1.7,0.252,0.9,1.0,0.853,0.5,1.2,1.7,2.7,1.0,0.7,0.1,4.0
109,239,Darrick Martin,1610612746,LAC,34.0,11,4,7,0.364,17.2,1.5,4.5,0.32,0.5,1.6,0.278,0.5,0.7,0.625,0.3,0.6,0.9,2.5,0.5,0.5,0.0,3.8
110,1032,Darvin Ham,1610612765,DET,31.0,47,25,22,0.532,5.5,0.4,0.8,0.459,0.0,0.0,0.0,0.3,0.7,0.387,0.4,0.3,0.7,0.1,0.2,0.1,0.1,1.0
111,2758,David Harrison,1610612754,IND,22.0,43,23,20,0.535,17.7,2.5,4.3,0.576,0.0,0.0,0.0,1.2,2.1,0.571,1.1,2.0,3.1,0.3,1.2,0.4,1.3,6.1
112,133,David Wesley,1610612745,HOU,34.0,80,40,40,0.5,34.7,4.2,10.5,0.398,1.5,3.9,0.375,2.0,2.4,0.857,0.5,2.4,2.9,3.3,1.4,1.2,0.1,11.9
113,2561,David West,1610612740,NOH,24.0,30,4,26,0.133,18.3,2.5,5.7,0.436,0.1,0.2,0.4,1.1,1.7,0.68,1.3,3.0,4.3,0.8,1.2,0.4,0.5,6.2
114,2205,DeSagana Diop,1610612739,CLE,23.0,39,16,23,0.41,7.8,0.5,1.8,0.29,0.0,0.1,0.0,0.0,0.1,0.0,0.8,1.0,1.8,0.4,0.3,0.2,0.7,1.0
115,2052,DeShawn Stevenson,1610612753,ORL,24.0,55,24,31,0.436,19.6,3.2,7.7,0.408,0.5,1.2,0.373,1.0,1.8,0.554,0.7,1.2,1.9,1.3,1.0,0.3,0.2,7.8
116,2753,Delonte West,1610612738,BOS,21.0,39,23,16,0.59,12.9,1.7,4.0,0.426,0.6,1.7,0.358,0.5,0.7,0.704,0.4,1.3,1.7,1.4,0.6,0.5,0.2,4.5
117,2035,DerMarr Johnson,1610612743,DEN,25.0,71,42,29,0.592,17.2,2.6,5.2,0.499,0.7,2.1,0.358,1.1,1.4,0.792,0.6,1.5,2.1,1.1,0.9,0.6,0.3,7.1
118,1507,Derek Anderson,1610612757,POR,30.0,47,16,31,0.34,26.3,3.2,8.3,0.389,1.2,3.2,0.384,1.5,1.9,0.805,0.5,2.2,2.7,3.0,1.5,0.8,0.1,9.2
119,965,Derek Fisher,1610612744,GSW,30.0,74,31,43,0.419,30.0,4.0,10.2,0.393,1.5,3.9,0.371,2.4,2.7,0.862,0.5,2.4,2.9,4.1,1.7,1.0,0.1,11.9
120,934,Derrick Coleman,1610612765,DET,38.0,5,2,3,0.4,9.9,0.6,2.8,0.214,0.0,0.4,0.0,0.6,0.6,1.0,0.6,2.4,3.0,0.0,0.4,0.0,0.0,1.8
121,2046,Desmond Mason,1610612749,MIL,27.0,80,29,51,0.363,36.1,6.0,13.5,0.443,0.0,0.1,0.125,5.3,6.6,0.802,1.1,2.8,3.9,2.7,2.1,0.7,0.3,17.2
122,1904,Devean George,1610612747,LAL,27.0,15,2,13,0.133,20.5,2.5,6.9,0.356,1.4,3.9,0.362,1.0,1.3,0.75,0.9,2.7,3.5,0.9,0.8,0.5,0.1,7.3
123,2484,Devin Brown,1610612759,SAS,26.0,67,50,17,0.746,18.4,2.6,6.1,0.423,0.7,1.8,0.372,1.5,1.9,0.792,0.6,2.1,2.6,1.4,0.8,0.6,0.2,7.4
124,2734,Devin Harris,1610612742,DAL,22.0,76,56,20,0.737,15.5,2.1,4.8,0.429,0.6,1.7,0.336,1.0,1.4,0.757,0.4,1.0,1.3,2.2,1.1,1.0,0.3,5.7
125,87,Dikembe Mutombo,1610612745,HOU,39.0,80,50,30,0.625,15.3,1.4,2.7,0.498,0.0,0.0,0.0,1.3,1.8,0.741,1.9,3.5,5.3,0.1,0.6,0.2,1.3,4.0
126,1901,Dion Glover,1610612759,SAS,26.0,7,3,4,0.429,9.4,1.1,3.1,0.364,0.1,1.1,0.125,1.1,1.4,0.8,0.4,1.1,1.6,0.6,0.3,0.4,0.4,3.6
127,1717,Dirk Nowitzki,1610612742,DAL,27.0,78,56,22,0.718,38.8,8.5,18.5,0.459,1.2,2.9,0.399,7.9,9.1,0.869,1.2,8.5,9.7,3.1,2.3,1.2,1.5,26.1
128,2051,Donnell Harvey,1610612751,NJN,24.0,3,2,1,0.667,5.4,0.7,0.7,1.0,0.0,0.0,0.0,1.3,1.3,1.0,0.7,1.7,2.3,0.3,0.3,0.3,0.3,2.7
129,2764,Donta Smith,1610612737,ATL,21.0,38,6,32,0.158,11.4,1.2,3.0,0.389,0.2,0.6,0.273,0.9,1.3,0.688,0.5,0.9,1.4,1.0,0.7,0.6,0.1,3.3
130,923,Donyell Marshall,1610612761,TOR,32.0,65,27,38,0.415,25.5,4.0,9.1,0.443,2.3,5.6,0.416,1.1,1.4,0.791,1.5,5.1,6.6,1.2,0.6,0.9,0.7,11.5
131,2748,Dorell Wright,1610612748,MIA,19.0,3,3,0,1.0,9.2,1.0,3.7,0.273,0.0,1.3,0.0,0.3,0.3,1.0,0.0,0.3,0.3,1.0,1.0,1.3,0.0,2.3
132,57,Doug Christie,1610612753,ORL,35.0,52,31,21,0.596,29.2,2.5,6.4,0.392,0.3,1.2,0.242,1.3,1.5,0.897,0.7,2.7,3.4,3.8,2.0,1.5,0.3,6.6
133,2400,Drew Gooden,1610612739,CLE,23.0,82,42,40,0.512,30.8,5.7,11.5,0.492,0.1,0.3,0.179,3.1,3.8,0.81,2.5,6.7,9.2,1.6,1.6,0.9,0.9,14.4
134,2730,Dwight Howard,1610612753,ORL,19.0,82,36,46,0.439,32.7,4.3,8.3,0.52,0.0,0.0,0.0,3.4,5.0,0.671,3.5,6.5,10.0,0.9,2.0,0.9,1.7,12.0
135,2548,Dwyane Wade,1610612748,MIA,23.0,77,56,21,0.727,38.7,8.2,17.1,0.478,0.2,0.6,0.289,7.5,9.9,0.762,1.4,3.7,5.2,6.8,4.2,1.6,1.1,24.1
136,1863,Earl Boykins,1610612743,DEN,29.0,82,49,33,0.598,26.4,4.1,10.0,0.413,0.7,2.0,0.337,3.4,3.7,0.92,0.5,1.3,1.7,4.5,1.5,1.0,0.1,12.3
137,2248,Earl Watson,1610612763,MEM,26.0,80,44,36,0.55,22.7,3.0,6.9,0.426,0.7,2.0,0.319,1.1,1.7,0.659,0.4,1.6,2.1,4.5,2.1,1.0,0.2,7.7
138,2109,Eddie Gill,1610612754,IND,26.0,73,38,35,0.521,13.9,1.1,3.3,0.335,0.5,1.6,0.308,1.0,1.1,0.877,0.2,1.3,1.5,1.1,0.8,0.8,0.1,3.7
139,2204,Eddie Griffin,1610612750,MIN,23.0,70,37,33,0.529,21.3,2.9,7.5,0.387,1.0,2.9,0.328,0.8,1.1,0.718,1.8,4.6,6.5,0.8,0.8,0.3,1.7,7.5
140,2067,Eddie House,1610612758,SAC,27.0,68,34,34,0.5,13.0,2.4,5.4,0.451,0.6,1.4,0.454,0.3,0.4,0.852,0.2,1.0,1.2,1.4,0.5,0.6,0.1,5.8
141,224,Eddie Jones,1610612748,MIA,33.0,80,58,22,0.725,35.5,4.4,10.3,0.428,1.8,4.8,0.372,2.2,2.7,0.806,0.5,4.6,5.1,2.7,1.2,1.1,0.5,12.7
142,2201,Eddy Curry,1610612741,CHI,22.0,63,37,26,0.587,28.8,6.2,11.6,0.538,0.0,0.0,0.0,3.6,5.0,0.72,1.8,3.5,5.4,0.6,2.6,0.3,0.9,16.1
143,2059,Eduardo Najera,1610612743,DEN,28.0,68,37,31,0.544,17.4,2.1,4.7,0.45,0.1,0.3,0.286,0.9,1.3,0.637,1.5,2.1,3.6,1.0,0.9,0.6,0.4,5.2
144,922,Elden Campbell,1610612765,DET,36.0,40,23,17,0.575,9.8,1.0,3.1,0.317,0.0,0.1,0.0,1.1,1.4,0.764,0.7,1.6,2.3,0.5,0.7,0.2,0.2,3.0
145,1882,Elton Brand,1610612746,LAC,26.0,81,37,44,0.457,37.1,7.8,15.4,0.503,0.0,0.0,0.0,4.5,6.0,0.752,3.7,5.9,9.5,2.6,2.3,0.8,2.1,20.0
146,2731,Emeka Okafor,1610612766,CHA,22.0,73,16,57,0.219,35.6,6.1,13.7,0.447,0.0,0.0,0.0,2.9,4.7,0.609,3.8,7.1,10.9,0.9,1.7,0.8,1.7,15.1
147,15,Eric Piatkowski,1610612741,CHI,34.0,68,37,31,0.544,12.3,1.6,3.8,0.43,0.8,2.0,0.425,0.7,0.8,0.804,0.2,0.9,1.2,0.8,0.5,0.4,0.0,4.8
148,727,Eric Snow,1610612739,CLE,32.0,81,42,39,0.519,22.7,1.5,4.0,0.382,0.2,0.6,0.289,0.7,1.0,0.738,0.5,1.5,1.9,3.9,1.1,0.8,0.2,4.0
149,677,Eric Williams,1610612761,TOR,32.0,55,23,32,0.418,24.1,2.6,6.0,0.43,0.5,1.3,0.384,2.0,2.9,0.696,0.8,2.3,3.1,1.7,1.1,0.7,0.1,7.7
150,956,Erick Dampier,1610612742,DAL,29.0,59,43,16,0.729,27.2,3.4,6.2,0.55,0.0,0.1,0.0,2.3,3.9,0.605,3.1,5.4,8.5,0.9,1.7,0.3,1.4,9.2
151,1065,Erick Strickland,1610612749,MIL,31.0,62,20,42,0.323,16.3,1.8,4.9,0.375,0.3,1.3,0.253,0.8,1.0,0.813,0.2,1.5,1.7,1.9,1.0,0.5,0.0,4.9
152,2845,Erik Daniels,1610612758,SAC,23.0,21,14,7,0.667,3.4,0.3,0.9,0.333,0.0,0.1,0.5,0.0,0.0,0.0,0.3,0.5,0.9,0.2,0.3,0.1,0.0,0.6
153,911,Ervin Johnson,1610612750,MIN,37.0,46,27,19,0.587,8.9,0.6,1.2,0.519,0.0,0.0,1.0,0.3,0.5,0.64,0.9,1.5,2.5,0.1,0.4,0.2,0.3,1.6
154,2041,Etan Thomas,1610612764,WAS,27.0,47,25,22,0.532,20.8,2.7,5.4,0.502,0.0,0.0,0.0,1.6,3.1,0.528,1.8,3.4,5.2,0.4,1.1,0.4,1.1,7.1
155,2436,Flip Murray,1610612760,SEA,25.0,49,27,22,0.551,17.9,2.7,7.4,0.361,0.5,1.9,0.253,1.2,1.6,0.738,0.3,1.7,2.0,1.3,1.2,0.6,0.2,7.0
156,1922,Francisco Elson,1610612743,DEN,29.0,67,41,26,0.612,14.0,1.5,3.2,0.468,0.0,0.0,0.333,0.7,1.2,0.57,0.9,2.1,3.0,0.5,0.6,0.5,0.6,3.7
157,2421,Frank Williams,1610612741,CHI,25.0,9,6,3,0.667,7.8,0.3,2.2,0.15,0.0,0.4,0.0,0.0,0.0,0.0,0.2,0.4,0.7,1.2,0.3,0.2,0.3,0.7
158,697,Fred Hoiberg,1610612750,MIN,32.0,76,40,36,0.526,16.7,1.8,3.7,0.489,0.9,1.9,0.483,1.2,1.3,0.873,0.4,2.0,2.4,1.1,0.3,0.7,0.2,5.8
159,2410,Fred Jones,1610612754,IND,26.0,77,40,37,0.519,29.5,3.6,8.4,0.425,1.1,3.0,0.38,2.3,2.7,0.85,0.4,2.7,3.1,2.5,1.5,0.8,0.4,10.6
160,56,Gary Payton,1610612738,BOS,36.0,77,41,36,0.532,33.1,4.4,9.4,0.468,0.5,1.7,0.326,2.0,2.6,0.761,0.6,2.4,3.1,6.1,1.9,1.1,0.2,11.3
161,2367,Geno Carlisle,1610612757,POR,28.0,6,2,4,0.333,2.6,0.3,0.5,0.667,0.0,0.0,0.0,0.7,1.0,0.667,0.2,0.0,0.2,0.2,0.2,0.0,0.0,1.3
162,248,George Lynch,1610612740,NOH,34.0,44,8,36,0.182,21.2,1.5,4.3,0.36,0.3,0.8,0.297,0.4,0.5,0.739,1.3,2.7,4.0,2.0,1.3,0.7,0.3,3.7
163,2222,Gerald Wallace,1610612766,CHA,22.0,70,16,54,0.229,30.7,4.1,9.1,0.449,0.2,0.9,0.274,2.7,4.1,0.661,1.7,3.8,5.5,2.0,2.3,1.7,1.3,11.1
164,2240,Gilbert Arenas,1610612764,WAS,23.0,80,44,36,0.55,41.0,8.2,19.0,0.431,2.6,7.0,0.365,6.5,8.0,0.814,1.0,3.7,4.7,5.1,3.0,1.7,0.3,25.5
165,299,Glenn Robinson,1610612759,SAS,32.0,9,5,4,0.556,17.6,3.8,8.6,0.442,0.2,0.7,0.333,2.2,2.6,0.87,0.4,2.2,2.7,0.9,0.8,0.4,0.3,10.0
166,1921,Gordan Giricek,1610612762,UTA,28.0,81,26,55,0.321,20.4,3.5,7.8,0.448,0.5,1.3,0.362,1.4,1.7,0.81,0.3,1.9,2.2,1.7,1.1,0.6,0.1,8.8
167,255,Grant Hill,1610612753,ORL,32.0,67,32,35,0.478,35.0,7.7,15.1,0.509,0.0,0.2,0.231,4.2,5.1,0.821,1.1,3.6,4.7,3.3,2.4,1.4,0.4,19.7
168,1761,Greg Buckner,1610612743,DEN,28.0,70,42,28,0.6,21.7,2.3,4.3,0.528,0.7,1.7,0.405,0.9,1.2,0.778,0.9,2.0,3.0,1.9,0.7,1.1,0.1,6.2
169,731,Greg Ostertag,1610612758,SAC,32.0,56,34,22,0.607,9.9,0.7,1.5,0.44,0.0,0.0,0.0,0.2,0.7,0.342,1.0,2.0,3.0,0.7,0.4,0.1,0.7,1.6
170,2775,Ha Ha,1610612757,POR,19.0,19,4,15,0.211,5.3,0.5,1.2,0.435,0.0,0.0,0.0,0.3,0.6,0.545,0.3,0.6,0.9,0.1,0.6,0.1,0.3,1.4
171,2045,Hedo Turkoglu,1610612753,ORL,26.0,67,32,35,0.478,26.4,4.9,11.7,0.419,1.4,3.7,0.38,2.8,3.4,0.836,0.9,2.6,3.5,2.3,1.8,0.6,0.3,14.0
172,2798,Horace Jenkins,1610612765,DET,30.0,15,11,4,0.733,6.8,1.0,3.0,0.333,0.0,0.6,0.0,0.8,0.9,0.923,0.2,0.4,0.6,0.6,0.5,0.3,0.1,2.8
173,458,Howard Eisley,1610612762,UTA,32.0,74,26,48,0.351,19.3,2.2,5.5,0.398,0.4,1.4,0.262,0.9,1.1,0.795,0.2,1.0,1.2,3.4,1.5,0.6,0.1,5.6
174,2825,Ibrahim Kutluay,1610612760,SEA,31.0,5,4,1,0.8,2.2,0.0,0.2,0.0,0.0,0.0,0.0,0.0,0.0,0.0,0.0,0.2,0.2,0.0,0.4,0.0,0.0,0.0
175,1956,Ira Newble,1610612739,CLE,30.0,74,38,36,0.514,24.7,2.5,5.7,0.429,0.3,0.7,0.358,0.7,0.9,0.797,1.1,1.9,3.0,1.2,0.8,0.7,0.2,5.9
176,2747,JR Smith,1610612740,NOH,19.0,76,18,58,0.237,24.5,3.9,9.8,0.394,1.1,3.7,0.288,1.5,2.1,0.689,0.5,1.5,2.0,1.9,1.4,0.7,0.1,10.3
177,2074,Jabari Smith,1610612751,NJN,28.0,45,26,19,0.578,14.4,1.4,3.3,0.419,0.0,0.0,0.5,0.9,1.2,0.745,0.6,1.8,2.5,0.8,0.9,0.6,0.3,3.7
178,2866,Jackie Butler,1610612752,NYK,20.0,3,2,1,0.667,1.5,1.3,1.3,1.0,0.0,0.0,0.0,0.7,0.7,1.0,0.0,0.0,0.0,0.0,0.3,0.3,0.0,3.3
179,2761,Jackson Vroman,1610612740,NOH,24.0,46,12,34,0.261,15.4,1.8,4.3,0.412,0.0,0.1,0.0,1.0,1.6,0.64,1.4,2.4,3.8,0.9,1.4,0.5,0.4,4.6
180,1521,Jacque Vaughn,1610612751,NJN,30.0,71,34,37,0.479,19.7,2.1,4.6,0.449,0.1,0.2,0.333,1.1,1.3,0.835,0.2,1.3,1.5,1.9,0.9,0.6,0.0,5.3
181,1751,Jahidi White,1610612766,CHA,29.0,17,4,13,0.235,7.8,0.8,1.8,0.452,0.0,0.0,0.0,0.8,2.4,0.35,0.6,1.4,2.0,0.1,0.6,0.1,0.7,2.5
182,2054,Jake Tsakalidis,1610612763,MEM,26.0,31,19,12,0.613,9.1,1.0,2.1,0.5,0.0,0.0,0.0,0.5,0.6,0.778,0.7,1.1,1.8,0.3,0.4,0.1,0.5,2.5
183,2063,Jake Voskuhl,1610612756,PHX,27.0,38,29,9,0.763,9.5,0.7,1.6,0.458,0.0,0.0,0.0,0.7,1.0,0.684,0.8,1.6,2.4,0.4,0.5,0.1,0.3,2.1
184,147,Jalen Rose,1610612761,TOR,32.0,81,33,48,0.407,33.5,6.5,14.3,0.455,1.3,3.4,0.394,4.1,4.8,0.854,0.5,2.9,3.4,2.6,2.2,0.8,0.1,18.5
185,2048,Jamaal Magloire,1610612740,NOH,27.0,23,5,18,0.217,30.7,4.3,9.9,0.432,0.0,0.0,0.0,3.2,5.3,0.602,3.4,5.5,8.9,1.3,2.6,0.3,1.0,11.7
186,2224,Jamaal Tinsley,1610612754,IND,27.0,40,22,18,0.55,32.5,5.5,13.1,0.418,1.5,3.9,0.372,3.1,4.1,0.744,0.7,3.4,4.0,6.4,3.4,2.0,0.3,15.4
187,2037,Jamal Crawford,1610612752,NYK,25.0,70,28,42,0.4,38.4,6.2,15.7,0.398,2.6,7.3,0.361,2.6,3.1,0.843,0.5,2.4,2.9,4.3,2.1,1.3,0.3,17.7
188,2441,Jamal Sampson,1610612766,CHA,22.0,23,5,18,0.217,14.2,1.2,2.7,0.452,0.0,0.0,0.0,1.0,1.7,0.59,1.6,3.7,5.3,0.3,0.7,0.2,0.7,3.4
189,2749,Jameer Nelson,1610612753,ORL,23.0,79,34,45,0.43,20.4,3.6,7.9,0.455,0.6,1.8,0.312,0.9,1.4,0.682,0.7,1.8,2.4,3.0,1.5,1.0,0.0,8.7
190,2592,James Jones,1610612754,IND,24.0,75,39,36,0.52,17.6,1.7,4.2,0.396,0.9,2.2,0.398,0.7,0.8,0.855,0.5,1.8,2.3,0.8,0.6,0.4,0.4,4.9
191,1899,James Posey,1610612763,MEM,28.0,50,28,22,0.56,27.7,2.5,7.1,0.357,1.1,3.6,0.309,1.9,2.2,0.865,0.9,3.5,4.4,1.8,1.4,1.0,0.5,8.1
192,2839,James Thomas,1610612737,ATL,24.0,11,2,9,0.182,10.3,1.1,1.8,0.6,0.0,0.0,0.0,0.2,0.5,0.333,1.5,1.8,3.4,0.4,0.6,0.4,0.4,2.4
193,2249,Jamison Brewer,1610612752,NYK,24.0,18,4,14,0.222,10.0,0.6,2.1,0.297,0.2,0.8,0.2,0.3,0.7,0.462,0.3,0.9,1.2,0.7,0.7,0.4,0.1,1.7
194,2457,Jannero Pargo,1610612741,CHI,25.0,32,19,13,0.594,14.1,2.6,6.7,0.385,0.7,2.1,0.348,0.5,0.7,0.739,0.4,1.1,1.5,2.4,1.4,0.5,0.0,6.4
195,2407,Jared Jeffries,1610612764,WAS,23.0,77,42,35,0.545,26.1,2.6,5.6,0.467,0.2,0.7,0.314,1.3,2.2,0.584,2.0,2.9,4.9,2.0,1.5,0.9,0.5,6.8
196,2876,Jared Reiner,1610612741,CHI,23.0,19,8,11,0.421,6.9,0.5,1.6,0.333,0.0,0.0,0.0,0.1,0.2,0.25,0.7,1.3,2.0,0.1,0.5,0.2,0.4,1.1
197,2260,Jarron Collins,1610612762,UTA,26.0,50,20,30,0.4,19.2,1.3,3.1,0.414,0.0,0.0,0.0,1.7,2.4,0.697,1.1,2.1,3.3,1.2,0.7,0.2,0.1,4.3
198,2553,Jarvis Hayes,1610612764,WAS,23.0,54,30,24,0.556,28.9,3.8,9.8,0.389,0.8,2.3,0.341,1.8,2.2,0.839,0.8,3.4,4.2,1.7,1.1,0.9,0.2,10.2
199,2044,Jason Collier,1610612737,ATL,27.0,70,11,59,0.157,13.5,2.5,5.4,0.463,0.1,0.2,0.429,0.7,1.0,0.676,1.2,1.4,2.6,0.3,0.9,0.2,0.2,5.7
200,2215,Jason Collins,1610612751,NJN,26.0,80,40,40,0.5,31.8,2.3,5.6,0.412,0.0,0.1,0.333,1.7,2.6,0.656,1.9,4.2,6.1,1.3,1.1,0.9,0.9,6.4
201,2078,Jason Hart,1610612766,CHA,27.0,74,18,56,0.243,25.5,3.5,7.7,0.449,0.5,1.3,0.368,2.1,2.7,0.785,0.2,2.5,2.7,5.0,1.4,1.3,0.2,9.5
202,2574,Jason Kapono,1610612766,CHA,24.0,81,17,64,0.21,18.4,3.3,8.3,0.401,1.0,2.4,0.412,0.9,1.0,0.824,0.4,1.6,2.0,0.8,0.6,0.5,0.1,8.5
203,467,Jason Kidd,1610612751,NJN,32.0,66,38,28,0.576,37.1,5.2,13.0,0.398,2.0,5.4,0.36,2.2,2.9,0.74,1.4,6.0,7.4,8.3,2.5,1.9,0.1,14.4
204,2202,Jason Richardson,1610612744,GSW,24.0,72,33,39,0.458,37.8,8.5,19.0,0.446,1.7,5.1,0.338,3.0,4.3,0.693,1.7,4.2,5.9,3.9,2.3,1.5,0.4,21.7
205,1891,Jason Terry,1610612742,DAL,27.0,80,56,24,0.7,30.0,4.7,9.3,0.501,1.3,3.1,0.42,1.8,2.2,0.844,0.5,1.9,2.4,5.4,1.8,1.4,0.2,12.4
206,1715,Jason Williams,1610612763,MEM,29.0,71,39,32,0.549,27.5,3.7,9.1,0.413,1.5,4.6,0.324,1.1,1.4,0.792,0.3,1.5,1.7,5.6,1.8,1.1,0.1,10.1
207,1902,Jeff Foster,1610612754,IND,28.0,61,32,29,0.525,26.3,2.8,5.3,0.519,0.0,0.1,0.0,1.5,2.3,0.634,3.4,5.7,9.0,0.7,0.9,0.8,0.2,7.0
208,976,Jeff McInnis,1610612739,CLE,30.0,76,39,37,0.513,34.9,5.0,12.0,0.412,1.2,3.5,0.345,1.7,2.1,0.813,0.4,1.6,2.1,5.1,1.5,0.7,0.0,12.8
209,1741,Jelani McCoy,1610612737,ATL,27.0,10,1,9,0.1,8.6,0.7,1.3,0.538,0.0,0.0,0.0,0.1,0.5,0.2,0.7,1.4,2.1,0.0,0.6,0.3,0.8,1.5
210,1983,Jermaine Jackson,1610612752,NYK,29.0,21,8,13,0.381,10.7,0.8,1.6,0.515,0.0,0.1,0.0,0.4,0.6,0.615,0.1,1.0,1.1,1.1,0.5,0.3,0.0,2.0
211,979,Jermaine O'Neal,1610612754,IND,26.0,44,23,21,0.523,35.0,8.8,19.4,0.452,0.0,0.1,0.167,6.7,8.9,0.754,1.9,6.9,8.8,1.9,3.0,0.6,2.0,24.3
212,1744,Jerome James,1610612760,SEA,29.0,80,50,30,0.625,16.6,2.2,4.3,0.509,0.0,0.0,0.0,0.6,0.8,0.723,1.0,2.0,3.0,0.2,1.1,0.3,1.4,4.9
213,2040,Jerome Moiso,1610612739,CLE,27.0,20,7,13,0.35,5.9,0.5,0.9,0.5,0.0,0.1,0.0,0.5,0.7,0.769,0.5,1.4,1.9,0.1,0.4,0.2,0.3,1.4
214,966,Jerome Williams,1610612752,NYK,32.0,79,31,48,0.392,15.3,1.5,3.1,0.502,0.0,0.1,0.0,1.5,2.2,0.669,1.5,2.1,3.6,0.5,0.8,0.7,0.1,4.5
215,711,Jerry Stackhouse,1610612742,DAL,30.0,56,38,18,0.679,28.9,4.9,11.8,0.414,0.6,2.1,0.267,4.5,5.3,0.849,0.7,2.6,3.3,2.3,1.9,0.9,0.2,14.9
216,754,Jim Jackson,1610612756,PHX,34.0,64,40,24,0.625,31.2,3.9,9.1,0.426,1.9,4.6,0.414,0.8,0.9,0.931,0.5,3.7,4.2,2.9,1.8,0.5,0.1,10.5
217,2412,Jiri Welsch,1610612739,CLE,25.0,71,32,39,0.451,18.6,2.1,5.2,0.402,0.5,1.5,0.309,1.8,2.4,0.763,0.4,2.0,2.4,1.5,1.0,0.6,0.1,6.5
218,2207,Joe Johnson,1610612756,PHX,24.0,82,62,20,0.756,39.5,6.6,14.4,0.461,2.2,4.5,0.478,1.6,2.2,0.75,1.5,3.7,5.1,3.5,1.8,1.0,0.3,17.1
219,693,Joe Smith,1610612749,MIL,29.0,74,28,46,0.378,30.7,4.3,8.4,0.514,0.0,0.0,0.0,2.4,3.1,0.768,2.4,4.9,7.3,0.9,1.1,0.6,0.5,11.0
220,2038,Joel Przybilla,1610612757,POR,25.0,76,24,52,0.316,24.4,2.6,4.4,0.598,0.0,0.0,0.0,1.2,2.3,0.517,2.3,5.4,7.7,1.0,1.3,0.3,2.1,6.4
221,2823,John Edwards,1610612754,IND,23.0,25,13,12,0.52,5.3,0.4,1.2,0.367,0.0,0.0,0.0,0.3,0.6,0.5,0.3,0.4,0.8,0.1,0.3,0.1,0.2,1.2
222,2422,John Salmons,1610612755,PHI,25.0,58,30,28,0.517,17.0,1.5,3.6,0.405,0.5,1.6,0.341,0.6,0.8,0.729,0.2,1.9,2.1,2.0,0.9,0.7,0.2,4.1
223,1519,John Thomas,1610612750,MIN,29.0,44,24,20,0.545,11.8,1.0,2.0,0.488,0.0,0.0,0.0,0.6,1.0,0.587,0.9,1.3,2.2,0.4,0.4,0.3,0.3,2.5
224,468,Jon Barry,1610612745,HOU,35.0,69,41,28,0.594,21.8,2.3,5.3,0.438,1.0,2.4,0.43,0.9,1.0,0.873,0.4,1.9,2.3,2.4,1.0,0.9,0.1,6.6
225,1886,Jonathan Bender,1610612754,IND,24.0,7,4,3,0.571,13.2,2.3,5.7,0.4,0.1,0.7,0.2,0.4,0.9,0.5,0.7,1.3,2.0,0.6,1.4,0.1,0.3,5.1
226,2735,Josh Childress,1610612737,ATL,22.0,80,12,68,0.15,29.6,3.8,8.0,0.47,0.2,0.7,0.232,2.4,2.9,0.823,2.4,3.6,6.0,1.9,1.3,0.9,0.4,10.1
227,2668,Josh Davis,1610612755,PHI,24.0,42,19,23,0.452,7.6,1.0,2.6,0.378,0.5,1.3,0.358,0.3,0.4,0.824,0.7,1.2,1.9,0.3,0.4,0.2,0.1,2.8
228,2572,Josh Howard,1610612742,DAL,25.0,76,56,20,0.737,32.2,5.0,10.4,0.475,0.4,1.5,0.296,2.2,3.1,0.733,2.2,4.1,6.4,1.4,1.6,1.5,0.6,12.6
229,2746,Josh Smith,1610612737,ATL,19.0,74,11,63,0.149,27.7,3.7,8.1,0.455,0.1,0.3,0.174,2.2,3.2,0.688,2.0,4.2,6.2,1.7,1.8,0.8,1.9,9.7
230,2413,Juan Dixon,1610612764,WAS,26.0,63,35,28,0.556,16.7,3.0,7.1,0.416,0.8,2.3,0.327,1.4,1.5,0.897,0.5,1.4,1.9,1.8,1.1,0.7,0.1,8.0
231,1908,Jumaine Jones,1610612747,LAL,26.0,76,31,45,0.408,24.1,2.8,6.4,0.432,1.3,3.4,0.391,0.7,1.0,0.733,1.4,3.8,5.2,0.9,0.6,0.6,0.3,7.6
232,2454,Junior Harrington,1610612740,NOH,24.0,29,4,25,0.138,18.7,2.2,6.0,0.36,0.2,0.7,0.316,1.0,1.2,0.829,0.4,1.7,2.2,2.1,1.4,0.9,0.2,5.6
233,2770,Justin Reed,1610612738,BOS,23.0,23,9,14,0.391,5.0,0.7,1.3,0.517,0.0,0.1,0.0,0.5,0.7,0.733,0.3,0.3,0.7,0.4,0.2,0.1,0.0,1.8
234,436,Juwan Howard,1610612745,HOU,32.0,61,38,23,0.623,26.6,4.0,8.9,0.451,0.0,0.0,0.0,1.6,1.9,0.843,2.1,3.6,5.7,1.5,1.3,0.5,0.1,9.6
235,2079,Kaniel Dickens,1610612751,NJN,26.0,11,5,6,0.455,5.0,0.4,1.3,0.286,0.3,0.8,0.333,0.2,0.2,1.0,0.3,0.5,0.8,0.1,0.2,0.2,0.1,1.2
236,2416,Kareem Rush,1610612766,CHA,24.0,48,16,32,0.333,20.1,3.3,8.5,0.387,1.1,2.9,0.372,0.8,1.0,0.771,0.4,1.4,1.9,1.4,1.0,0.4,0.1,8.4
237,2208,Kedrick Brown,1610612755,PHI,24.0,8,5,3,0.625,6.8,0.3,0.8,0.333,0.0,0.4,0.0,1.0,1.3,0.8,0.1,1.3,1.4,0.5,0.6,0.4,0.1,1.5
238,2586,Keith Bogans,1610612766,CHA,25.0,74,15,59,0.203,24.3,3.5,9.3,0.381,0.8,2.3,0.329,1.8,2.5,0.727,1.0,2.0,3.1,1.8,1.6,0.9,0.1,9.6
239,2693,Keith McLeod,1610612762,UTA,25.0,53,18,35,0.34,26.1,2.7,7.7,0.35,0.3,1.4,0.25,2.1,2.8,0.767,0.4,1.8,2.1,4.5,1.9,1.2,0.2,7.8
240,1496,Keith Van Horn,1610612742,DAL,29.0,62,35,27,0.565,24.2,4.1,9.1,0.456,0.9,2.3,0.38,2.1,2.5,0.815,1.4,3.3,4.7,1.2,1.3,0.6,0.3,11.2
241,1509,Kelvin Cato,1610612753,ORL,30.0,62,27,35,0.435,24.5,2.6,4.8,0.539,0.0,0.0,0.0,1.8,2.3,0.783,1.6,5.1,6.7,0.6,1.0,0.9,1.3,7.0
242,383,Kendall Gill,1610612749,MIL,37.0,14,5,9,0.357,20.3,2.3,5.7,0.4,0.2,0.6,0.333,1.3,1.4,0.9,0.8,1.9,2.6,1.9,0.6,1.0,0.3,6.1
243,2570,Kendrick Perkins,1610612738,BOS,20.0,60,31,29,0.517,9.0,0.9,2.0,0.471,0.0,0.0,0.0,0.6,1.0,0.638,0.9,2.1,2.9,0.4,0.7,0.2,0.6,2.5
244,72,Kenny Anderson,1610612746,LAC,34.0,43,9,34,0.209,17.3,2.0,4.7,0.423,0.1,0.3,0.462,0.6,0.9,0.73,0.6,1.5,2.0,2.4,1.1,0.8,0.0,4.7
245,1903,Kenny Thomas,1610612758,SAC,27.0,73,36,37,0.493,29.7,5.0,10.7,0.47,0.0,0.1,0.2,2.4,3.1,0.762,2.5,4.8,7.3,2.1,1.8,0.9,0.2,12.4
246,2030,Kenyon Martin,1610612743,DEN,27.0,70,39,31,0.557,32.6,6.3,13.0,0.49,0.0,0.2,0.0,2.8,4.4,0.646,2.1,5.2,7.3,2.4,2.1,1.4,1.1,15.5
247,954,Kerry Kittles,1610612746,LAC,31.0,11,2,9,0.182,22.1,2.5,6.6,0.384,0.6,1.9,0.333,0.5,0.9,0.6,0.1,2.8,2.9,1.8,0.6,0.7,0.3,6.3
248,708,Kevin Garnett,1610612750,MIN,29.0,82,44,38,0.537,38.1,8.3,16.6,0.502,0.1,0.3,0.24,5.4,6.7,0.811,3.0,10.5,13.5,5.7,2.7,1.5,1.4,22.2
249,2755,Kevin Martin,1610612758,SAC,22.0,45,28,17,0.622,10.2,1.0,2.6,0.385,0.1,0.6,0.2,0.8,1.2,0.655,0.6,0.6,1.3,0.5,0.5,0.4,0.1,2.9
250,1563,Kevin Ollie,1610612755,PHI,32.0,26,12,14,0.462,6.2,0.4,1.2,0.355,0.0,0.0,0.0,0.2,0.3,0.667,0.1,0.6,0.7,0.7,0.2,0.2,0.0,1.1
251,788,Kevin Willis,1610612737,ATL,42.0,29,4,25,0.138,11.9,1.2,3.1,0.389,0.0,0.1,0.0,0.6,0.8,0.739,1.0,1.6,2.6,0.3,0.5,0.3,0.2,3.0
252,2039,Keyon Dooling,1610612748,MIA,25.0,74,52,22,0.703,16.0,1.9,4.7,0.403,0.3,1.0,0.253,1.1,1.5,0.78,0.1,1.1,1.2,1.8,0.9,0.5,0.1,5.2
253,2550,Kirk Hinrich,1610612741,CHI,24.0,77,42,35,0.545,36.3,5.8,14.6,0.397,1.9,5.3,0.355,2.2,2.8,0.792,0.4,3.5,3.9,6.4,2.3,1.6,0.3,15.7
254,2632,Kirk Penney,1610612746,LAC,24.0,4,1,3,0.25,3.0,0.3,0.8,0.333,0.0,0.3,0.0,0.0,0.0,0.0,0.0,0.3,0.3,0.3,0.5,0.0,0.0,0.5
255,2745,Kirk Snyder,1610612762,UTA,22.0,68,23,45,0.338,13.2,1.8,4.8,0.372,0.4,1.3,0.353,0.9,1.4,0.667,0.7,1.0,1.8,0.5,0.9,0.4,0.3,5.0
256,977,Kobe Bryant,1610612747,LAL,26.0,66,28,38,0.424,40.8,8.7,20.1,0.433,2.0,5.9,0.339,8.2,10.1,0.816,1.4,4.5,5.9,6.0,4.1,1.3,0.8,27.6
257,2743,Kris Humphries,1610612762,UTA,20.0,67,17,50,0.254,13.0,1.7,4.3,0.404,0.0,0.1,0.333,0.7,1.5,0.436,1.1,1.9,2.9,0.6,0.8,0.4,0.3,4.1
258,703,Kurt Thomas,1610612752,NYK,32.0,80,31,49,0.388,35.7,5.3,11.3,0.471,0.0,0.1,0.5,0.8,1.1,0.786,2.1,8.3,10.4,2.0,1.2,0.9,1.0,11.5
259,2198,Kwame Brown,1610612764,WAS,23.0,42,22,20,0.524,21.6,2.6,5.6,0.46,0.0,0.0,0.0,1.8,3.1,0.574,1.7,3.2,4.9,0.9,1.6,0.6,0.4,7.0
260,2594,Kyle Korver,1610612755,PHI,24.0,82,43,39,0.524,32.5,3.9,9.3,0.418,2.8,6.8,0.405,1.0,1.2,0.854,0.5,4.1,4.6,2.2,1.3,1.3,0.4,11.5
261,1885,Lamar Odom,1610612747,LAL,25.0,64,31,33,0.484,36.2,5.7,12.1,0.473,0.6,1.8,0.308,3.2,4.7,0.695,2.1,8.1,10.2,3.7,2.5,0.7,1.0,15.2
262,441,Lamond Murray,1610612761,TOR,32.0,62,25,37,0.403,14.8,2.1,5.0,0.426,0.7,1.7,0.438,1.0,1.3,0.763,0.7,1.9,2.6,0.8,0.9,0.5,0.3,6.0
263,1919,Laron Profit,1610612764,WAS,27.0,42,19,23,0.452,10.0,1.3,3.0,0.438,0.2,0.7,0.286,0.4,0.6,0.64,0.6,1.2,1.8,0.9,0.6,0.4,0.1,3.2
264,1716,Larry Hughes,1610612764,WAS,26.0,61,35,26,0.574,38.6,7.7,17.8,0.43,1.0,3.4,0.282,5.8,7.4,0.777,1.2,5.0,6.3,4.7,2.5,2.9,0.3,22.0
265,84,Latrell Sprewell,1610612750,MIN,34.0,80,44,36,0.55,30.6,5.0,12.0,0.414,0.9,2.6,0.327,2.0,2.4,0.83,0.8,2.4,3.2,2.2,1.6,0.7,0.3,12.8
266,1444,Lawrence Funderburke,1610612741,CHI,34.0,2,1,1,0.5,10.8,1.5,3.0,0.5,0.0,0.0,0.0,1.5,2.5,0.6,0.5,1.0,1.5,0.0,0.0,0.0,0.0,4.5
267,2544,LeBron James,1610612739,CLE,20.0,80,41,39,0.513,42.3,9.9,21.1,0.472,1.4,3.9,0.351,6.0,8.0,0.75,1.4,6.0,7.4,7.2,3.3,2.2,0.7,27.2
268,2571,Leandro Barbosa,1610612756,PHX,22.0,63,48,15,0.762,17.2,2.7,5.6,0.475,0.8,2.2,0.367,0.9,1.1,0.797,0.5,1.6,2.1,2.0,1.4,0.5,0.1,7.0
269,1924,Lee Nailon,1610612740,NOH,30.0,68,14,54,0.206,29.6,6.1,12.8,0.478,0.0,0.0,0.0,2.0,2.4,0.806,1.9,2.5,4.4,1.6,1.6,0.5,0.2,14.2
270,283,Lindsey Hunter,1610612765,DET,34.0,76,49,27,0.645,14.9,1.4,4.0,0.358,0.3,1.1,0.274,0.6,0.8,0.793,0.5,1.1,1.6,1.7,0.9,0.9,0.2,3.8
271,2669,Linton Johnson,1610612759,SAS,25.0,2,2,0,1.0,7.6,0.0,1.0,0.0,0.0,0.5,0.0,0.0,0.0,0.0,0.0,1.5,1.5,0.0,0.5,0.5,0.0,0.0
272,2763,Lionel Chalmers,1610612746,LAC,24.0,36,15,21,0.417,11.8,1.2,3.5,0.336,0.3,1.4,0.245,0.4,0.7,0.625,0.1,0.8,0.9,1.4,0.7,0.4,0.0,3.1
273,2437,Lonny Baxter,1610612740,NOH,26.0,4,1,3,0.25,9.0,0.8,2.8,0.273,0.0,0.0,0.0,0.0,0.5,0.0,1.0,1.0,2.0,0.0,1.0,0.0,0.0,1.5
274,2254,Loren Woods,1610612761,TOR,27.0,45,20,25,0.444,15.6,1.6,3.6,0.433,0.0,0.0,0.0,0.8,1.3,0.576,1.8,3.1,4.9,0.4,0.8,0.2,0.9,3.9
275,953,Lorenzen Wright,1610612763,MEM,29.0,80,45,35,0.563,28.6,4.0,8.5,0.469,0.0,0.0,0.0,1.6,2.5,0.662,2.2,5.5,7.7,1.1,1.3,0.7,0.9,9.6
276,446,Lucious Harris,1610612739,CLE,34.0,73,38,35,0.521,15.4,1.6,4.1,0.395,0.3,0.9,0.323,0.8,0.9,0.812,0.5,1.1,1.7,0.7,0.4,0.4,0.1,4.3
277,2784,Luis Flores,1610612743,DEN,24.0,16,3,13,0.188,4.6,0.9,1.8,0.483,0.3,0.6,0.5,0.1,0.1,1.0,0.1,0.1,0.2,0.7,0.7,0.1,0.0,2.2
278,2739,Luke Jackson,1610612739,CLE,23.0,10,5,5,0.5,4.3,1.0,2.7,0.37,0.4,0.6,0.667,0.5,0.6,0.833,0.2,0.4,0.6,0.3,0.2,0.0,0.0,2.9
279,2557,Luke Ridnour,1610612760,SEA,24.0,82,52,30,0.634,31.4,3.6,9.0,0.405,0.8,2.2,0.376,1.9,2.2,0.883,0.7,1.8,2.5,5.9,1.8,1.1,0.3,10.0
280,2575,Luke Walton,1610612747,LAL,25.0,61,21,40,0.344,12.5,1.2,3.0,0.411,0.3,1.0,0.262,0.6,0.8,0.708,0.9,1.4,2.3,1.5,1.0,0.4,0.2,3.2
281,2736,Luol Deng,1610612741,CHI,20.0,61,36,25,0.59,27.2,4.6,10.6,0.434,0.5,1.9,0.265,2.0,2.7,0.741,1.5,3.8,5.3,2.2,1.9,0.8,0.4,11.7
282,2573,Maciej Lampe,1610612740,NOH,20.0,37,12,25,0.324,10.3,1.3,3.6,0.371,0.1,0.1,0.5,0.4,0.6,0.682,0.6,1.8,2.4,0.3,0.5,0.1,0.2,3.1
283,2124,Malik Allen,1610612766,CHA,27.0,36,13,23,0.361,14.3,2.3,4.9,0.475,0.0,0.0,0.0,0.7,0.8,0.929,1.1,1.6,2.8,0.5,0.5,0.3,0.6,5.4
284,990,Malik Rose,1610612752,NYK,30.0,76,50,26,0.658,19.5,2.6,5.8,0.449,0.0,0.1,0.1,1.8,2.4,0.737,1.7,2.8,4.5,0.8,1.3,0.6,0.2,7.0
285,2055,Mamadou N'diaye,1610612746,LAC,30.0,11,8,3,0.727,6.6,0.7,1.8,0.4,0.0,0.1,0.0,0.4,0.6,0.571,0.8,0.8,1.6,0.1,0.0,0.1,0.5,1.8
286,1938,Manu Ginobili,1610612759,SAS,27.0,74,53,21,0.716,29.7,5.0,10.5,0.471,1.3,3.5,0.376,4.8,6.0,0.803,1.0,3.4,4.4,3.9,2.3,1.6,0.4,16.0
287,1531,Marc Jackson,1610612755,PHI,30.0,81,42,39,0.519,24.3,4.2,9.0,0.465,0.0,0.0,0.0,3.6,4.3,0.828,2.3,2.7,5.0,1.0,1.6,0.4,0.2,12.0
288,2556,Marcus Banks,1610612738,BOS,23.0,81,45,36,0.556,14.1,1.4,3.5,0.402,0.3,0.7,0.356,1.5,2.0,0.742,0.4,1.2,1.6,1.9,1.0,0.8,0.2,4.6
289,948,Marcus Camby,1610612743,DEN,31.0,66,43,23,0.652,30.6,4.2,9.1,0.465,0.0,0.1,0.0,1.9,2.6,0.723,2.0,8.0,10.0,2.3,1.6,0.9,3.0,10.3
290,2033,Marcus Fizer,1610612749,MIL,26.0,54,17,37,0.315,16.7,2.5,5.4,0.455,0.0,0.1,0.0,1.3,1.9,0.68,0.5,2.7,3.2,1.2,1.2,0.5,0.2,6.2
291,2409,Marcus Haislip,1610612754,IND,24.0,9,2,7,0.222,11.7,1.4,4.2,0.342,0.0,0.1,0.0,0.7,1.2,0.545,0.6,1.1,1.7,0.3,0.7,0.2,0.2,3.6
292,2435,Mario Kasun,1610612753,ORL,25.0,44,18,26,0.409,8.0,1.1,2.2,0.48,0.0,0.0,0.0,0.5,1.0,0.558,1.2,1.7,2.9,0.2,0.6,0.2,0.3,2.7
293,1548,Mark Blount,1610612738,BOS,29.0,82,45,37,0.549,26.1,4.0,7.5,0.529,0.0,0.0,0.0,1.4,2.0,0.713,1.7,3.1,4.8,1.6,1.9,0.4,0.8,9.4
294,2891,Mark Jones,1610612753,ORL,30.0,10,2,8,0.2,11.5,0.9,3.1,0.29,0.0,0.4,0.0,0.5,1.0,0.5,0.6,0.7,1.3,0.6,0.3,0.5,0.2,2.3
295,2058,Mark Madsen,1610612750,MIN,29.0,41,23,18,0.561,14.7,0.8,1.6,0.515,0.0,0.0,0.0,0.5,1.0,0.5,1.5,1.6,3.1,0.4,0.6,0.2,0.3,2.1
296,998,Mark Pope,1610612743,DEN,32.0,9,8,1,0.889,2.8,0.2,0.7,0.333,0.0,0.0,0.0,0.0,0.0,0.0,0.6,0.3,0.9,0.1,0.1,0.1,0.2,0.4
297,2060,Marko Jaric,1610612746,LAC,26.0,50,25,25,0.5,33.2,3.8,9.1,0.414,1.1,3.0,0.371,1.2,1.6,0.72,0.4,2.8,3.2,6.1,2.0,1.7,0.3,9.9
298,2605,Marquis Daniels,1610612742,DAL,24.0,60,42,18,0.7,23.6,3.7,8.4,0.437,0.1,0.6,0.2,1.6,2.2,0.737,1.5,2.2,3.6,2.1,1.4,1.4,0.2,9.1
299,2043,Mateen Cleaves,1610612760,SEA,27.0,14,9,5,0.643,4.6,0.4,1.0,0.357,0.0,0.1,0.0,0.2,0.3,0.75,0.1,0.3,0.4,0.5,0.1,0.1,0.0,0.9
300,2440,Matt Barnes,1610612758,SAC,25.0,43,27,16,0.628,16.4,1.4,3.5,0.411,0.1,0.5,0.227,0.8,1.3,0.603,1.1,2.0,3.1,1.3,1.0,0.7,0.2,3.8
301,2588,Matt Bonner,1610612761,TOR,25.0,82,33,49,0.402,18.8,3.0,5.6,0.533,0.5,1.1,0.424,0.7,0.9,0.789,1.3,2.2,3.5,0.6,0.5,0.5,0.2,7.2
302,2679,Matt Carroll,1610612766,CHA,24.0,25,6,19,0.24,17.3,2.8,7.2,0.389,0.5,1.6,0.333,2.8,3.3,0.855,0.5,1.9,2.4,0.7,1.0,0.7,0.1,9.0
303,2782,Matt Freije,1610612740,NOH,23.0,23,3,20,0.13,19.0,1.6,5.5,0.291,0.6,2.3,0.259,0.2,0.3,0.625,0.7,2.0,2.7,0.9,0.7,0.6,0.1,4.0
304,1723,Matt Harpring,1610612762,UTA,29.0,78,24,54,0.308,33.1,5.4,11.0,0.489,0.1,0.6,0.209,3.1,4.0,0.778,2.5,3.6,6.2,1.8,1.7,0.9,0.2,14.0
305,2486,Maurice Baker,1610612757,POR,25.0,5,1,4,0.2,3.8,0.0,0.2,0.0,0.0,0.0,0.0,0.0,0.0,0.0,0.2,0.2,0.4,0.2,0.2,0.2,0.0,0.0
306,2230,Maurice Evans,1610612758,SAC,26.0,65,38,27,0.585,18.8,2.5,5.7,0.442,0.4,1.3,0.329,0.9,1.2,0.756,1.4,1.7,3.1,0.7,0.5,0.6,0.1,6.4
307,1508,Maurice Taylor,1610612752,NYK,28.0,65,31,34,0.477,20.7,3.1,6.9,0.455,0.0,0.1,0.333,1.0,1.6,0.612,1.0,2.9,4.0,1.0,1.4,0.4,0.3,7.3
308,2246,Mehmet Okur,1610612762,UTA,26.0,82,26,56,0.317,28.1,4.3,9.2,0.468,0.2,0.8,0.27,4.0,4.7,0.85,2.4,5.1,7.5,2.0,1.7,0.4,0.8,12.9
309,2408,Melvin Ely,1610612766,CHA,27.0,79,18,61,0.228,21.0,2.9,6.7,0.432,0.0,0.0,0.0,1.5,2.7,0.575,1.8,2.3,4.1,1.0,1.5,0.4,0.9,7.3
310,1897,Metta World Peace,1610612754,IND,25.0,7,6,1,0.857,41.4,8.4,17.0,0.496,1.0,2.4,0.412,6.7,7.3,0.922,1.1,5.3,6.4,3.1,2.4,1.7,0.9,24.6
311,2214,Michael Bradley,1610612755,PHI,26.0,18,11,7,0.611,6.4,0.8,1.3,0.625,0.0,0.1,0.0,0.2,0.4,0.375,0.4,1.1,1.6,0.3,0.3,0.1,0.1,1.8
312,688,Michael Curry,1610612754,IND,36.0,18,10,8,0.556,14.0,0.7,1.6,0.448,0.0,0.0,0.0,0.2,0.4,0.5,0.4,1.1,1.5,0.8,0.3,0.3,0.2,1.7
313,1720,Michael Doleac,1610612748,MIA,28.0,80,58,22,0.725,14.6,1.9,4.1,0.447,0.0,0.0,0.0,0.3,0.5,0.61,0.9,2.3,3.2,0.6,0.5,0.3,0.3,4.0
314,714,Michael Finley,1610612742,DAL,32.0,64,48,16,0.75,37.0,6.0,14.2,0.427,1.8,4.5,0.407,1.8,2.1,0.831,0.7,3.4,4.1,2.6,0.9,0.8,0.3,15.7
315,1709,Michael Olowokandi,1610612750,MIN,30.0,62,32,30,0.516,19.6,2.6,5.7,0.456,0.0,0.0,0.0,0.7,1.1,0.667,1.7,3.5,5.2,0.5,1.1,0.2,0.9,5.9
316,2072,Michael Redd,1610612749,MIL,25.0,75,28,47,0.373,38.0,8.3,18.9,0.441,1.4,3.9,0.355,4.9,5.8,0.854,1.0,3.2,4.2,2.3,1.8,0.8,0.1,23.0
317,1913,Michael Ruffin,1610612764,WAS,28.0,79,44,35,0.557,15.9,0.5,1.3,0.414,0.0,0.0,0.0,0.4,0.8,0.433,2.0,2.2,4.2,0.8,0.6,0.5,0.5,1.4
318,1565,Michael Stewart,1610612737,ATL,30.0,12,2,10,0.167,11.9,0.9,1.8,0.524,0.0,0.0,0.0,0.3,0.6,0.429,1.8,1.6,3.3,0.4,0.5,0.5,0.4,2.1
319,2552,Michael Sweetney,1610612752,NYK,22.0,77,32,45,0.416,19.5,3.1,5.8,0.531,0.0,0.0,0.0,2.3,3.1,0.749,2.2,3.2,5.4,0.6,1.4,0.4,0.4,8.4
320,2554,Mickael Pietrus,1610612744,GSW,23.0,67,29,38,0.433,19.9,3.2,7.5,0.427,1.0,2.9,0.344,2.1,3.0,0.698,1.0,1.9,2.8,1.2,1.4,0.7,0.3,9.5
321,1710,Mike Bibby,1610612758,SAC,27.0,80,48,32,0.6,38.6,7.0,15.8,0.443,1.6,4.6,0.36,4.0,5.2,0.775,1.0,3.2,4.2,6.8,2.5,1.6,0.4,19.6
322,2399,Mike Dunleavy,1610612744,GSW,24.0,79,33,46,0.418,32.5,5.2,11.5,0.451,1.4,3.5,0.388,1.7,2.2,0.779,1.2,4.3,5.5,2.6,1.7,1.0,0.3,13.4
323,2229,Mike James,1610612745,HOU,30.0,74,38,36,0.514,25.1,4.5,10.1,0.441,1.4,3.5,0.386,1.5,2.0,0.752,0.5,2.3,2.8,3.6,1.4,0.9,0.1,11.8
324,2034,Mike Miller,1610612763,MEM,25.0,76,40,36,0.526,30.0,5.1,10.1,0.505,1.8,4.3,0.433,1.4,2.0,0.72,0.5,3.5,3.9,2.9,1.7,0.7,0.3,13.4
325,2366,Mike Wilks,1610612759,SAS,26.0,48,40,8,0.833,5.6,0.7,1.6,0.416,0.1,0.3,0.313,0.3,0.3,0.75,0.1,0.4,0.5,0.7,0.3,0.3,0.0,1.7
326,1630,Mikki Moore,1610612746,LAC,29.0,74,36,38,0.486,15.8,1.9,3.9,0.502,0.0,0.1,0.2,1.4,1.8,0.787,1.3,2.0,3.3,0.6,0.9,0.3,0.4,5.4
327,1960,Milt Palacio,1610612761,TOR,27.0,80,33,47,0.413,19.1,2.2,4.9,0.446,0.0,0.2,0.167,1.4,1.9,0.742,0.3,1.4,1.7,3.5,1.3,0.6,0.2,5.8
328,2590,Mo Williams,1610612749,MIL,22.0,80,30,50,0.375,28.3,4.0,9.2,0.438,0.4,1.2,0.323,1.7,2.0,0.85,0.6,2.4,3.1,6.1,2.5,0.9,0.1,10.2
329,983,Moochie Norris,1610612745,HOU,31.0,38,17,21,0.447,9.4,0.9,2.9,0.321,0.0,0.3,0.0,0.5,0.6,0.833,0.3,0.9,1.2,1.0,0.7,0.5,0.1,2.4
330,2050,Morris Peterson,1610612761,TOR,27.0,82,33,49,0.402,30.7,4.3,10.3,0.42,1.6,4.1,0.385,2.3,2.8,0.832,0.9,3.3,4.1,2.1,1.1,1.1,0.2,12.5
331,1737,Nazr Mohammed,1610612759,SAS,27.0,77,35,42,0.455,25.2,3.8,7.8,0.48,0.0,0.0,0.0,2.0,2.9,0.674,3.2,4.4,7.6,0.4,1.4,0.8,1.1,9.5
332,2569,Ndudi Ebi,1610612750,MIN,21.0,2,2,0,1.0,27.0,5.5,10.5,0.524,0.0,0.5,0.0,2.5,4.5,0.556,3.0,5.0,8.0,0.5,1.5,0.5,0.5,13.5
333,2420,Nenad Krstic,1610612751,NJN,21.0,75,40,35,0.533,26.2,3.7,7.6,0.493,0.0,0.0,0.0,2.5,3.4,0.725,2.1,3.2,5.3,1.0,1.5,0.4,0.8,10.0
334,2403,Nene,1610612743,DEN,22.0,55,31,24,0.564,23.9,3.5,7.0,0.503,0.0,0.0,0.0,2.5,3.9,0.66,1.9,4.0,5.9,1.5,1.7,0.9,0.9,9.6
335,2555,Nick Collison,1610612760,SEA,24.0,82,52,30,0.634,17.0,2.3,4.3,0.535,0.0,0.0,0.0,1.0,1.4,0.703,1.9,2.7,4.6,0.4,0.8,0.4,0.6,5.6
336,89,Nick Van Exel,1610612757,POR,33.0,53,20,33,0.377,30.5,4.0,10.6,0.381,1.9,4.8,0.389,1.1,1.4,0.784,0.4,2.7,3.0,4.3,1.7,0.8,0.0,11.1
337,2401,Nikoloz Tskitishvili,1610612744,GSW,22.0,35,19,16,0.543,6.1,0.6,2.1,0.297,0.1,0.5,0.118,0.1,0.2,0.571,0.3,0.8,1.2,0.3,0.5,0.2,0.3,1.4
338,1918,Obinna Ekezie,1610612737,ATL,29.0,42,5,37,0.119,17.4,1.9,4.3,0.434,0.0,0.0,0.0,1.7,2.2,0.774,1.6,2.6,4.3,0.3,1.1,0.5,0.3,5.5
339,2241,Omar Cook,1610612761,TOR,23.0,5,2,3,0.4,14.7,2.0,4.8,0.417,0.0,0.8,0.0,0.6,1.2,0.5,0.4,1.0,1.4,4.4,1.2,1.2,0.2,4.6
340,970,Othella Harrington,1610612741,CHI,31.0,70,40,30,0.571,18.3,3.1,6.1,0.512,0.0,0.0,0.0,1.8,2.5,0.718,1.5,2.7,4.2,0.8,1.2,0.3,0.3,8.0
341,136,P.J. Brown,1610612740,NOH,35.0,82,18,64,0.22,34.5,4.1,9.2,0.446,0.0,0.0,0.0,2.6,3.0,0.864,3.2,5.7,9.0,2.2,1.2,0.9,0.6,10.8
342,2776,Pape Sow,1610612761,TOR,23.0,27,11,16,0.407,9.3,0.9,2.1,0.397,0.0,0.0,0.0,0.6,1.0,0.593,0.7,1.4,2.1,0.1,0.4,0.4,0.1,2.3
343,1727,Pat Garrity,1610612753,ORL,28.0,71,30,41,0.423,13.4,1.7,4.3,0.402,0.7,2.1,0.333,0.4,0.5,0.879,0.3,1.5,1.7,0.4,0.4,0.3,0.1,4.6
344,2200,Pau Gasol,1610612763,MEM,24.0,56,28,28,0.5,31.8,6.4,12.4,0.514,0.0,0.1,0.167,5.0,6.6,0.768,2.3,5.0,7.3,2.4,2.4,0.7,1.7,17.8
345,1718,Paul Pierce,1610612738,BOS,27.0,82,45,37,0.549,36.1,6.8,14.9,0.455,1.3,3.6,0.37,6.7,8.1,0.822,1.0,5.6,6.6,4.2,2.8,1.6,0.5,21.6
346,2321,Paul Shirley,1610612756,PHX,27.0,9,8,1,0.889,3.3,0.6,1.2,0.455,0.0,0.0,0.0,0.2,0.4,0.5,0.1,0.1,0.2,0.3,0.1,0.0,0.0,1.3
347,2750,Pavel Podkolzin,1610612742,DAL,20.0,5,4,1,0.8,1.5,0.0,0.0,0.0,0.0,0.0,0.0,0.2,0.4,0.5,0.0,0.4,0.4,0.0,0.4,0.0,0.0,0.2
348,978,Peja Stojakovic,1610612758,SAC,28.0,66,42,24,0.636,38.5,6.8,15.4,0.444,2.6,6.6,0.402,3.8,4.2,0.92,0.9,3.4,4.3,2.1,1.5,1.2,0.2,20.1
349,2762,Peter John Ramos,1610612764,WAS,20.0,6,1,5,0.167,3.3,0.8,1.7,0.5,0.0,0.0,0.0,0.2,0.3,0.5,0.2,0.5,0.7,0.0,0.5,0.0,0.2,1.8
350,1542,Predrag Drobnjak,1610612737,ATL,29.0,71,13,58,0.183,20.3,3.4,7.6,0.438,0.4,1.0,0.352,1.4,1.7,0.8,1.0,2.3,3.4,0.7,1.1,0.6,0.3,8.4
351,2056,Primoz Brezec,1610612766,CHA,25.0,72,16,56,0.222,31.7,5.4,10.5,0.512,0.0,0.0,0.0,2.3,3.1,0.745,3.1,4.2,7.4,1.2,1.5,0.5,0.8,13.0
352,2047,Quentin Richardson,1610612756,PHX,25.0,79,59,20,0.747,36.0,5.2,13.2,0.389,2.9,8.0,0.358,1.7,2.3,0.739,1.2,4.9,6.1,2.0,1.3,1.2,0.3,14.9
353,2624,Quinton Ross,1610612746,LAC,24.0,78,36,42,0.462,21.0,2.1,4.8,0.432,0.0,0.1,0.25,0.9,1.4,0.673,0.8,1.9,2.7,1.4,0.7,0.7,0.3,5.1
354,2417,Qyntel Woods,1610612748,MIA,24.0,3,1,2,0.333,13.1,1.7,4.0,0.417,0.0,0.0,0.0,0.0,0.0,0.0,0.7,1.3,2.0,0.0,0.7,1.3,0.0,3.3
355,1711,Raef LaFrentz,1610612738,BOS,29.0,80,44,36,0.55,27.5,4.3,8.6,0.496,1.0,2.8,0.364,1.5,1.9,0.811,1.9,5.0,6.9,1.2,0.9,0.5,1.2,11.1
356,2737,Rafael Araujo,1610612761,TOR,24.0,59,24,35,0.407,12.5,1.3,3.0,0.434,0.0,0.1,0.333,0.7,0.9,0.782,1.0,2.1,3.1,0.3,0.9,0.4,0.1,3.3
357,1747,Rafer Alston,1610612761,TOR,28.0,80,32,48,0.4,34.0,5.0,12.2,0.414,1.7,4.9,0.357,2.4,3.2,0.74,0.5,3.0,3.5,6.4,2.1,1.5,0.1,14.2
358,1952,Raja Bell,1610612762,UTA,28.0,63,20,43,0.317,28.5,4.8,10.6,0.454,0.9,2.1,0.403,1.8,2.4,0.747,0.8,2.4,3.2,1.4,1.3,0.7,0.1,12.3
359,988,Randy Livingston,1610612762,UTA,30.0,17,4,13,0.235,13.5,1.3,3.1,0.423,0.3,0.5,0.625,0.9,1.0,0.882,0.2,0.5,0.7,2.6,0.8,0.7,0.1,3.8
360,1740,Rashard Lewis,1610612760,SEA,25.0,71,48,23,0.676,38.1,7.5,16.2,0.462,2.4,6.1,0.4,3.1,4.0,0.777,1.5,3.9,5.5,1.3,1.7,1.1,0.9,20.5
361,739,Rasheed Wallace,1610612765,DET,30.0,79,53,26,0.671,34.1,5.9,13.4,0.44,0.9,3.0,0.318,1.7,2.5,0.697,2.2,5.9,8.2,1.8,1.6,0.8,1.5,14.5
362,1725,Rasho Nesterovic,1610612759,SAS,29.0,70,51,19,0.729,25.5,2.8,6.1,0.46,0.0,0.0,0.0,0.2,0.4,0.467,2.6,3.9,6.6,1.0,1.0,0.4,1.7,5.9
363,2446,Rasual Butler,1610612748,MIA,26.0,65,48,17,0.738,18.4,2.5,6.3,0.399,0.9,2.4,0.373,0.6,0.7,0.771,0.2,2.1,2.3,1.0,0.6,0.3,0.4,6.5
364,2221,Raul Lopez,1610612762,UTA,25.0,31,9,22,0.29,16.7,1.8,4.4,0.422,0.6,1.5,0.444,0.9,1.1,0.818,0.2,1.0,1.3,4.0,1.5,0.7,0.1,5.2
365,951,Ray Allen,1610612760,SEA,29.0,78,50,28,0.641,39.3,8.2,19.2,0.428,2.7,7.1,0.376,4.8,5.5,0.883,1.0,3.4,4.4,3.7,2.2,1.1,0.1,23.9
366,2558,Reece Gaines,1610612749,MIL,24.0,21,10,11,0.476,8.6,0.8,2.4,0.34,0.2,0.7,0.286,0.1,0.2,0.75,0.0,0.6,0.7,0.3,0.3,0.2,0.0,2.0
367,2501,Reggie Evans,1610612760,SEA,25.0,79,51,28,0.646,23.8,1.7,3.5,0.476,0.0,0.0,0.0,1.6,3.0,0.534,3.2,6.1,9.3,0.7,1.3,0.7,0.2,4.9
368,397,Reggie Miller,1610612754,IND,39.0,66,34,32,0.515,32.0,4.8,10.9,0.437,1.5,4.5,0.322,3.8,4.1,0.933,0.3,2.1,2.4,2.2,1.2,0.8,0.1,14.8
369,1888,Richard Hamilton,1610612765,DET,27.0,76,53,23,0.697,38.6,6.7,15.3,0.44,0.5,1.6,0.305,4.8,5.6,0.858,1.0,2.9,3.9,4.9,2.9,1.0,0.2,18.7
370,2210,Richard Jefferson,1610612751,NJN,25.0,33,12,21,0.364,41.3,7.2,17.1,0.422,0.9,2.7,0.337,6.9,8.2,0.844,1.5,5.8,7.3,4.0,4.0,1.0,0.5,22.2
371,2499,Richie Frahm,1610612757,POR,27.0,43,9,34,0.209,11.4,1.3,3.3,0.4,0.7,1.9,0.388,0.5,0.6,0.84,0.4,1.0,1.4,0.7,0.3,0.3,0.1,3.8
372,1594,Rick Brunson,1610612746,LAC,33.0,80,37,43,0.463,24.2,2.1,5.5,0.376,0.6,1.6,0.369,0.7,0.9,0.77,0.3,2.1,2.3,5.1,1.6,1.0,0.1,5.5
373,1729,Ricky Davis,1610612738,BOS,25.0,82,45,37,0.549,32.8,5.9,12.7,0.462,0.7,2.2,0.339,3.5,4.3,0.815,0.8,2.2,3.0,3.0,2.5,1.1,0.3,16.0
374,109,Robert Horry,1610612759,SAS,34.0,75,53,22,0.707,18.8,2.1,5.0,0.419,0.7,1.8,0.37,1.1,1.5,0.789,1.2,2.4,3.6,1.1,0.9,0.9,0.8,6.0
375,2741,Robert Swift,1610612760,SEA,19.0,16,10,6,0.625,4.4,0.3,0.7,0.455,0.0,0.0,0.0,0.3,0.6,0.556,0.1,0.3,0.3,0.1,0.3,0.1,0.4,0.9
376,1714,Robert Traylor,1610612739,CLE,28.0,74,39,35,0.527,18.0,2.4,5.4,0.444,0.0,0.1,0.0,0.7,1.4,0.539,1.8,2.6,4.5,0.8,1.0,0.7,0.7,5.5
377,393,Rod Strickland,1610612745,HOU,38.0,16,12,4,0.75,12.3,0.6,2.7,0.209,0.1,0.1,0.5,0.6,0.6,0.9,0.2,1.5,1.7,2.4,1.0,0.2,0.1,1.8
378,1934,Rodney Buford,1610612751,NJN,27.0,64,31,33,0.484,20.5,2.9,7.6,0.382,0.5,1.7,0.315,0.6,0.7,0.822,0.5,2.4,3.0,1.0,0.5,0.6,0.1,7.0
379,915,Rodney Rogers,1610612755,PHI,34.0,58,25,33,0.431,23.6,3.0,7.8,0.382,0.8,2.9,0.286,0.9,1.2,0.743,1.1,3.2,4.2,1.5,1.5,0.7,0.3,7.7
380,2206,Rodney White,1610612744,GSW,25.0,58,25,33,0.431,11.7,2.1,5.0,0.419,0.4,1.0,0.4,0.5,0.8,0.614,0.4,1.1,1.5,0.8,0.6,0.6,0.2,5.1
381,1500,Ron Mercer,1610612751,NJN,29.0,18,8,10,0.444,21.7,3.6,8.8,0.411,0.0,0.2,0.0,0.4,0.6,0.7,0.5,1.7,2.2,1.1,0.8,0.9,0.1,7.6
382,2648,Ronald Dupree,1610612765,DET,24.0,47,32,15,0.681,9.9,1.3,2.7,0.48,0.0,0.0,0.5,0.6,1.0,0.617,0.7,1.3,2.0,0.5,0.5,0.1,0.2,3.2
383,2767,Royal Ivey,1610612737,ATL,23.0,62,9,53,0.145,13.1,1.4,3.2,0.429,0.0,0.1,0.333,0.8,1.1,0.701,0.3,1.0,1.4,1.7,0.9,0.6,0.1,3.5
384,1739,Ruben Patterson,1610612757,POR,29.0,70,26,44,0.371,28.1,4.6,8.6,0.531,0.0,0.4,0.08,2.4,4.0,0.599,1.8,2.1,3.9,2.0,2.0,1.5,0.3,11.6
385,1763,Ryan Bowen,1610612745,HOU,29.0,65,46,19,0.708,8.9,0.7,1.7,0.423,0.0,0.1,0.5,0.2,0.3,0.667,0.3,0.8,1.2,0.3,0.1,0.4,0.1,1.7
386,2415,Ryan Humphrey,1610612763,MEM,25.0,35,21,14,0.6,9.1,1.2,2.9,0.408,0.0,0.1,0.0,0.5,1.1,0.486,1.4,1.1,2.5,0.2,0.7,0.3,0.0,2.9
387,208,Sam Cassell,1610612750,MIN,35.0,59,32,27,0.542,25.8,5.4,11.6,0.464,0.5,1.7,0.262,2.3,2.6,0.865,0.4,2.2,2.7,5.1,1.8,0.6,0.2,13.5
388,955,Samaki Walker,1610612764,WAS,29.0,14,7,7,0.5,9.7,0.8,2.2,0.355,0.0,0.0,0.0,0.1,0.2,0.667,0.6,0.7,1.3,0.3,0.6,0.2,0.5,1.7
389,2223,Samuel Dalembert,1610612755,PHI,25.0,72,39,33,0.542,24.9,3.5,6.6,0.524,0.0,0.0,0.0,1.2,2.1,0.601,2.6,4.9,7.5,0.5,1.6,0.6,1.7,8.2
390,2562,Sasha Pavlovic,1610612739,CLE,21.0,65,32,33,0.492,13.3,1.8,4.2,0.435,0.5,1.2,0.385,0.7,1.0,0.688,0.2,0.9,1.1,0.8,0.7,0.4,0.1,4.8
391,2756,Sasha Vujacic,1610612747,LAL,21.0,35,12,23,0.343,11.5,0.9,3.3,0.282,0.5,1.8,0.27,0.5,0.5,0.947,0.4,1.4,1.8,1.5,0.4,0.3,0.1,2.9
392,1513,Scot Pollard,1610612754,IND,30.0,49,30,19,0.612,17.7,1.6,3.4,0.473,0.0,0.0,0.0,0.7,1.0,0.673,1.7,2.4,4.2,0.4,0.6,0.6,0.5,3.9
393,1909,Scott Padgett,1610612745,HOU,29.0,66,40,26,0.606,14.2,1.5,3.5,0.421,0.8,1.9,0.397,0.4,0.6,0.725,0.7,2.1,2.8,0.8,0.5,0.5,0.2,4.2
394,281,Scott Williams,1610612739,CLE,37.0,19,10,9,0.526,8.0,0.6,2.2,0.293,0.0,0.1,0.0,0.5,0.6,0.818,0.8,0.8,1.6,0.4,0.3,0.2,0.3,1.7
395,1752,Sean Marks,1610612759,SAS,29.0,23,15,8,0.652,10.5,1.2,3.5,0.338,0.0,0.1,0.0,1.0,1.2,0.786,0.8,1.7,2.4,0.3,0.6,0.1,0.5,3.3
396,2742,Sebastian Telfair,1610612757,POR,20.0,68,19,49,0.279,19.6,2.5,6.3,0.393,0.3,1.0,0.246,1.5,2.0,0.789,0.1,1.4,1.5,3.3,1.8,0.5,0.1,6.8
397,1000,Shandon Anderson,1610612748,MIA,31.0,66,45,21,0.682,17.8,1.5,3.3,0.452,0.1,0.4,0.172,0.8,1.0,0.818,0.6,2.3,2.9,1.1,0.8,0.6,0.2,3.9
398,2203,Shane Battier,1610612763,MEM,26.0,80,44,36,0.55,31.5,3.4,7.7,0.442,0.9,2.2,0.395,2.3,2.9,0.789,2.0,3.2,5.2,1.6,0.9,1.1,1.0,9.9
399,406,Shaquille O'Neal,1610612748,MIA,33.0,73,53,20,0.726,34.2,9.0,15.0,0.601,0.0,0.0,0.0,4.8,10.5,0.461,3.5,6.9,10.4,2.7,2.8,0.5,2.3,22.9
400,949,Shareef Abdur-Rahim,1610612757,POR,28.0,54,17,37,0.315,34.7,6.2,12.4,0.503,0.3,0.7,0.385,4.1,4.7,0.866,2.3,5.0,7.3,2.1,2.2,0.9,0.5,16.8
401,2733,Shaun Livingston,1610612746,LAC,19.0,30,13,17,0.433,27.3,3.0,7.2,0.414,0.0,0.1,0.0,1.5,2.0,0.746,0.7,2.2,3.0,5.0,2.5,1.1,0.4,7.4
402,762,Shawn Bradley,1610612742,DAL,33.0,77,55,22,0.714,11.4,1.1,2.4,0.452,0.0,0.0,0.0,0.6,0.8,0.683,0.9,1.9,2.8,0.2,0.4,0.3,0.8,2.7
403,1890,Shawn Marion,1610612756,PHX,27.0,81,62,19,0.765,38.8,7.6,15.9,0.476,1.4,4.2,0.334,2.8,3.4,0.833,2.9,8.4,11.3,1.9,1.5,2.0,1.5,19.4
404,2098,Slava Medvedenko,1610612747,LAL,26.0,43,9,34,0.209,9.8,1.7,3.6,0.455,0.0,0.0,0.0,0.5,0.7,0.821,0.7,1.1,1.8,0.3,0.3,0.2,0.0,3.8
405,2470,Smush Parker,1610612756,PHX,24.0,16,9,7,0.563,8.7,1.1,2.7,0.419,0.2,0.8,0.231,0.6,0.8,0.692,0.3,0.5,0.8,0.9,1.2,0.3,0.0,3.0
406,2049,Speedy Claxton,1610612740,NOH,27.0,62,22,40,0.355,30.2,4.1,9.9,0.421,0.2,1.0,0.18,3.0,4.1,0.736,0.6,2.4,3.0,6.0,1.9,1.8,0.1,11.5
407,278,Stacey Augmon,1610612753,ORL,36.0,55,23,32,0.418,11.9,1.2,3.0,0.407,0.0,0.0,0.0,1.0,1.4,0.74,0.8,1.0,1.8,0.7,0.6,0.4,0.1,3.5
408,1536,Stephen Jackson,1610612754,IND,27.0,51,30,21,0.588,35.2,6.5,16.1,0.403,2.0,5.6,0.36,3.7,4.5,0.83,0.9,4.0,4.9,2.3,2.4,1.3,0.3,18.7
409,950,Stephon Marbury,1610612752,NYK,28.0,82,33,49,0.402,40.2,7.4,16.0,0.462,1.4,4.0,0.354,5.6,6.7,0.834,0.6,2.4,3.0,8.1,2.8,1.5,0.1,21.7
410,2581,Steve Blake,1610612764,WAS,25.0,44,23,21,0.523,14.7,1.4,4.2,0.328,0.8,2.1,0.387,0.8,0.9,0.805,0.4,1.2,1.6,1.6,0.9,0.3,0.0,4.3
411,1883,Steve Francis,1610612753,ORL,28.0,78,35,43,0.449,38.1,7.2,17.1,0.423,0.5,1.6,0.299,6.4,7.8,0.823,1.6,4.2,5.8,7.0,4.1,1.4,0.4,21.3
412,959,Steve Nash,1610612756,PHX,31.0,75,60,15,0.8,34.2,5.7,11.4,0.502,1.3,2.9,0.431,2.8,3.2,0.887,0.8,2.6,3.3,11.5,3.3,1.0,0.1,15.5
413,2212,Steven Hunter,1610612756,PHX,23.0,76,57,19,0.75,13.8,1.8,2.9,0.614,0.0,0.0,0.0,1.0,2.1,0.479,1.3,1.7,3.0,0.2,0.6,0.1,1.3,4.6
414,120,Steven Smith,1610612748,MIA,36.0,50,15,35,0.3,14.9,2.0,5.0,0.411,0.8,2.1,0.39,1.4,1.6,0.863,0.3,1.0,1.3,1.4,0.5,0.3,0.1,6.3
415,2031,Stromile Swift,1610612763,MEM,25.0,60,32,28,0.533,21.3,3.7,8.1,0.449,0.0,0.1,0.0,2.8,3.7,0.758,1.5,3.0,4.6,0.7,1.5,0.7,1.5,10.1
416,2447,Tamar Slay,1610612766,CHA,25.0,8,1,7,0.125,9.7,1.6,4.9,0.333,0.3,1.5,0.167,0.0,0.3,0.0,0.8,1.0,1.8,0.4,1.0,0.6,0.0,3.5
417,2419,Tayshaun Prince,1610612765,DET,25.0,82,54,28,0.659,37.1,5.7,11.7,0.487,0.6,1.7,0.341,2.7,3.3,0.807,1.6,3.7,5.3,3.0,1.6,0.7,0.9,14.7
418,689,Theo Ratliff,1610612757,POR,32.0,63,22,41,0.349,27.4,1.8,4.1,0.447,0.0,0.0,0.0,1.2,1.7,0.692,1.8,3.5,5.3,0.5,0.9,0.4,2.5,4.8
419,2604,Theron Smith,1610612766,CHA,24.0,33,6,27,0.182,15.4,1.3,4.1,0.324,0.1,0.4,0.25,0.4,0.5,0.875,1.2,2.3,3.5,0.8,0.8,0.2,0.1,3.2
420,2357,Tierre Brown,1610612747,LAL,26.0,76,33,43,0.434,13.9,1.6,4.6,0.356,0.3,0.9,0.361,0.8,1.0,0.787,0.3,0.9,1.2,2.0,1.0,0.4,0.0,4.4
421,1495,Tim Duncan,1610612759,SAS,29.0,66,50,16,0.758,33.4,7.8,15.8,0.496,0.0,0.1,0.333,4.6,6.9,0.67,3.1,8.0,11.1,2.7,1.9,0.7,2.6,20.3
422,1501,Tim Thomas,1610612752,NYK,28.0,71,30,41,0.423,27.3,4.4,10.1,0.439,1.2,2.9,0.409,1.9,2.4,0.786,0.6,2.7,3.3,1.5,1.6,0.6,0.2,12.0
423,339,Tom Gugliotta,1610612737,ATL,35.0,47,13,34,0.277,20.5,2.1,5.1,0.411,0.2,0.6,0.308,0.7,0.9,0.767,1.2,2.9,4.1,1.4,1.2,0.9,0.4,5.1
424,389,Toni Kukoc,1610612749,MIL,36.0,53,23,30,0.434,20.8,2.0,4.8,0.41,0.8,2.2,0.362,0.8,1.2,0.721,0.6,2.4,3.0,3.0,1.2,0.7,0.2,5.6
425,2754,Tony Allen,1610612738,BOS,23.0,77,42,35,0.545,16.3,2.4,5.0,0.475,0.2,0.4,0.387,1.5,2.0,0.737,1.1,1.8,2.9,0.8,1.0,1.0,0.3,6.4
426,1499,Tony Battie,1610612753,ORL,29.0,81,36,45,0.444,23.6,2.0,4.4,0.46,0.0,0.1,0.0,0.8,1.2,0.723,1.3,4.2,5.6,0.5,1.0,0.4,1.0,4.9
427,2800,Tony Bobbitt,1610612747,LAL,25.0,2,0,2,0.0,6.0,1.0,2.5,0.4,0.5,1.0,0.5,0.0,0.0,0.0,0.0,1.5,1.5,0.0,0.0,0.0,0.0,2.5
428,960,Tony Delk,1610612737,ATL,31.0,56,6,50,0.107,24.1,4.4,10.6,0.416,1.3,3.6,0.356,1.8,2.4,0.757,0.5,1.8,2.3,1.9,1.0,0.8,0.1,11.9
429,763,Tony Massenburg,1610612759,SAS,37.0,61,43,18,0.705,11.3,1.2,3.0,0.407,0.0,0.0,0.0,0.8,1.0,0.762,0.9,1.8,2.7,0.2,0.7,0.3,0.3,3.2
430,2225,Tony Parker,1610612759,SAS,23.0,80,58,22,0.725,34.2,6.7,14.0,0.482,0.5,2.0,0.276,2.6,4.0,0.65,0.6,3.1,3.7,6.1,2.7,1.2,0.1,16.6
431,1765,Torraye Braggs,1610612745,HOU,29.0,7,6,1,0.857,3.2,0.4,1.0,0.429,0.0,0.0,0.0,0.0,0.0,0.0,1.0,0.7,1.7,0.0,0.3,0.0,0.0,0.9
432,1503,Tracy McGrady,1610612745,HOU,26.0,78,49,29,0.628,40.9,9.2,21.3,0.431,1.8,5.6,0.326,5.5,7.1,0.774,0.9,5.3,6.2,5.7,2.6,1.7,0.7,25.7
433,696,Travis Best,1610612751,NJN,32.0,76,39,37,0.513,19.2,2.5,5.9,0.42,0.3,1.1,0.306,1.4,1.6,0.885,0.3,1.2,1.4,1.9,0.9,0.9,0.1,6.8
434,2566,Travis Outlaw,1610612757,POR,20.0,59,17,42,0.288,13.4,2.3,4.5,0.498,0.1,0.2,0.4,0.8,1.3,0.653,0.7,1.4,2.1,0.6,0.7,0.5,0.7,5.4
435,1762,Tremaine Fowlkes,1610612754,IND,29.0,8,2,6,0.25,6.4,1.1,2.1,0.529,0.1,0.4,0.333,0.0,0.3,0.0,0.4,0.6,1.0,0.0,0.6,0.3,0.0,2.4
436,2239,Trenton Hassell,1610612750,MIN,26.0,82,44,38,0.537,25.3,2.7,5.8,0.474,0.0,0.1,0.091,1.1,1.4,0.789,1.0,1.7,2.7,1.6,0.8,0.4,0.4,6.6
437,2772,Trevor Ariza,1610612752,NYK,20.0,80,33,47,0.413,17.3,2.2,4.9,0.442,0.0,0.2,0.231,1.5,2.2,0.695,1.1,1.9,3.0,1.1,0.9,0.9,0.2,5.9
438,1607,Troy Hudson,1610612750,MIN,29.0,79,42,37,0.532,22.1,3.4,8.4,0.401,1.1,3.3,0.345,0.9,1.1,0.778,0.2,1.1,1.3,3.6,1.4,0.3,0.1,8.7
439,2211,Troy Murphy,1610612744,GSW,25.0,70,30,40,0.429,34.0,5.6,13.5,0.414,0.8,2.1,0.399,3.3,4.6,0.73,3.6,7.2,10.8,1.4,1.5,0.8,0.5,15.4
440,1731,Tyronn Lue,1610612737,ATL,28.0,70,16,54,0.229,28.7,4.2,9.3,0.451,0.8,2.2,0.355,2.0,2.4,0.861,0.2,1.9,2.1,4.6,1.5,0.5,0.0,11.2
441,2199,Tyson Chandler,1610612741,CHI,22.0,80,46,34,0.575,27.3,2.6,5.2,0.494,0.0,0.0,0.0,2.8,4.2,0.673,3.3,6.4,9.7,0.8,1.5,0.9,1.8,8.0
442,2617,Udonis Haslem,1610612748,MIA,25.0,80,59,21,0.738,33.5,4.3,8.0,0.54,0.0,0.1,0.0,2.2,2.8,0.791,3.0,6.1,9.1,1.4,1.4,0.8,0.5,10.9
443,2751,Viktor Khryapa,1610612757,POR,22.0,32,6,26,0.188,16.5,1.7,3.9,0.435,0.1,0.3,0.364,0.7,1.3,0.548,0.9,2.5,3.4,0.8,1.0,0.6,0.6,4.2
444,452,Vin Baker,1610612745,HOU,33.0,27,10,17,0.37,7.5,0.5,1.6,0.31,0.0,0.0,0.0,0.3,0.6,0.529,0.6,0.8,1.4,0.4,0.6,0.1,0.1,1.3
445,1713,Vince Carter,1610612751,NJN,28.0,77,40,37,0.519,36.9,9.0,20.0,0.452,1.6,4.1,0.406,4.8,6.0,0.798,1.4,3.8,5.2,4.2,2.2,1.4,0.6,24.5
446,958,Vitaly Potapenko,1610612760,SEA,30.0,33,16,17,0.485,10.2,1.4,2.6,0.517,0.0,0.0,0.0,0.8,0.9,0.871,0.9,1.5,2.4,0.3,0.4,0.2,0.1,3.5
447,124,Vlade Divac,1610612747,LAL,37.0,15,7,8,0.467,8.7,0.9,2.1,0.419,0.0,0.0,0.0,0.5,0.8,0.667,1.2,0.9,2.1,1.3,0.9,0.3,0.1,2.3
448,2209,Vladimir Radmanovic,1610612760,SEA,24.0,63,43,20,0.683,29.5,4.2,10.3,0.41,2.0,5.2,0.389,1.3,1.6,0.786,0.8,3.8,4.6,1.4,1.3,0.9,0.5,11.8
449,702,Voshon Lenard,1610612743,DEN,32.0,3,1,2,0.333,18.8,3.3,8.7,0.385,1.3,4.0,0.333,1.7,2.7,0.625,0.0,2.0,2.0,2.0,0.7,0.3,0.0,9.7
450,1887,Wally Szczerbiak,1610612750,MIN,28.0,81,44,37,0.543,31.7,5.7,11.3,0.506,0.8,2.1,0.373,3.2,3.8,0.855,1.0,2.7,3.7,2.4,1.6,0.5,0.2,15.5
451,962,Walter McCarty,1610612756,PHX,31.0,72,42,30,0.583,12.5,1.3,3.3,0.404,0.8,2.2,0.355,0.2,0.4,0.517,0.4,1.5,1.9,0.5,0.5,0.3,0.2,3.6
452,1917,Wang Zhi-zhi,1610612748,MIA,27.0,20,13,7,0.65,4.5,0.9,1.8,0.472,0.1,0.2,0.667,0.4,0.6,0.583,0.3,0.6,0.9,0.3,0.3,0.2,0.1,2.2
453,445,Wesley Person,1610612743,DEN,34.0,41,29,12,0.707,16.4,2.6,5.5,0.473,1.0,2.2,0.461,0.2,0.3,0.692,0.1,2.0,2.0,1.0,0.4,0.5,0.1,6.4
454,2584,Willie Green,1610612755,PHI,23.0,57,23,34,0.404,18.7,2.7,7.4,0.366,0.5,1.8,0.286,1.7,2.2,0.776,0.4,1.9,2.3,1.8,1.3,0.6,0.1,7.7
455,2397,Yao Ming,1610612745,HOU,24.0,80,50,30,0.625,30.7,6.7,12.2,0.552,0.0,0.0,0.0,4.9,6.2,0.783,2.6,5.8,8.4,0.8,2.5,0.4,2.0,18.3
456,2657,Yuta Tabuse,1610612756,PHX,24.0,4,4,0,1.0,4.3,0.3,1.5,0.167,0.3,0.3,1.0,1.0,1.0,1.0,0.5,0.5,1.0,0.8,0.3,0.0,0.0,1.8
457,2216,Zach Randolph,1610612757,POR,23.0,46,19,27,0.413,34.9,7.2,16.1,0.448,0.0,0.1,0.0,4.5,5.5,0.815,3.1,6.5,9.6,1.9,2.4,0.7,0.4,18.9
458,2560,Zarko Cabarkapa,1610612744,GSW,24.0,40,20,20,0.5,11.9,2.2,4.4,0.486,0.3,0.9,0.361,1.3,1.6,0.815,0.9,1.7,2.6,0.6,0.8,0.3,0.1,6.0
459,2585,Zaza Pachulia,1610612749,MIL,21.0,74,27,47,0.365,18.9,2.2,4.8,0.452,0.0,0.0,0.0,1.9,2.5,0.746,1.8,3.3,5.1,0.8,0.9,0.6,0.5,6.2
460,1442,Zeljko Rebraca,1610612746,LAC,33.0,58,27,31,0.466,16.0,2.3,4.0,0.568,0.0,0.0,0.0,1.3,1.5,0.859,0.8,2.3,3.2,0.4,0.8,0.2,0.7,5.8
461,1985,Zendon Hamilton,1610612749,MIL,30.0,16,7,9,0.438,10.1,0.7,2.0,0.344,0.0,0.0,0.0,1.8,3.0,0.604,1.1,1.5,2.6,0.4,0.8,0.3,0.1,3.2
462,2565,Zoran Planinic,1610612751,NJN,22.0,43,20,23,0.465,11.9,1.8,4.0,0.448,0.3,0.9,0.375,1.1,1.5,0.697,0.4,1.2,1.6,1.0,1.0,0.6,0.0,5.0
463,980,Zydrunas Ilgauskas,1610612739,CLE,30.0,78,40,38,0.513,33.5,5.9,12.6,0.468,0.0,0.1,0.286,5.2,6.4,0.799,3.8,4.8,8.6,1.3,2.4,0.7,2.1,16.9
